Customer_ID,Email,Phone,First_Name,Last_Name,Address_ID
1,aoldale0@google.nl,134-860-3593,Aloysia,Oldale,1
2,kthorsen1@shop-pro.jp,897-425-2939,Konstantin,Thorsen,2
3,,328-395-5025,Wheeler,Oppery,3
4,bbispo3@icq.com,555-782-3996,Blakeley,Bispo,4
5,vjennery4@hugedomains.com,662-972-8879,Vernor,Jennery,5
6,aatherton5@blogspot.com,869-491-0975,Athena,Atherton,6
7,udumberell6@google.ca,533-786-7383,Udell,Dumberell,7
8,nbulbrook7@nbcnews.com,,Nanice,Bulbrook,8
9,mvandalen8@time.com,179-709-6232,Marylinda,Van Dalen,9
10,vlooby9@apache.org,589-279-0330,Vale,Looby,10
11,ltattersa@bigcartel.com,,Louella,Tatters,11
12,pstandbrookeb@topsy.com,651-675-5367,Petrina,Standbrooke,12
13,mguillotonc@globo.com,,Myca,Guilloton,13
14,mbladged@paypal.com,114-195-8209,Margareta,Bladge,14
15,gberzine@usatoday.com,156-612-0631,Gabriell,Berzin,15
16,wtumayanf@arizona.edu,333-824-2556,Wain,Tumayan,16
17,sarnlig@noaa.gov,926-695-7825,Sybila,Arnli,17
18,gdomenyh@hud.gov,801-387-4655,Genevra,Domeny,18
19,srankini@indiegogo.com,986-855-2084,Sher,Rankin,19
20,dhoblej@reuters.com,,Davie,Hoble,20
21,iprucek@businessinsider.com,,Ivie,Pruce,21
22,claugheranl@theguardian.com,676-727-5085,Catrina,Laugheran,22
23,mkenwoodm@alexa.com,,Marlene,Kenwood,23
24,ewituln@uol.com.br,401-910-7068,Enid,Witul,24
25,cnorthcoteo@a8.net,223-218-2335,Carmella,Northcote,25
26,lskillp@wufoo.com,768-969-5368,Lisetta,Skill,26
27,whasseyq@about.com,556-281-2994,Wally,Hassey,27
28,mcarrolr@sbwire.com,111-157-5272,Milissent,Carrol,28
29,fperfitts@posterous.com,188-494-9118,Fallon,Perfitt,29
30,bbielfeldtt@list-manage.com,573-485-2270,Brady,Bielfeldt,30
31,fjouannyu@nsw.gov.au,,Francis,Jouanny,31
32,,364-133-4069,Clerc,Goodsir,32
33,gespinelw@ebay.com,907-179-1383,Guy,Espinel,33
34,jfeareyx@ebay.com,397-538-6921,Jeffy,Fearey,34
35,kfroomy@joomla.org,653-340-9963,Kylen,Froom,35
36,kiannielloz@gmpg.org,749-863-6458,Konstantine,Ianniello,36
37,cswinburn10@shop-pro.jp,525-116-0101,Clemmie,Swinburn,37
38,lbellin11@unesco.org,212-451-8582,Lucho,Bellin,38
39,okeatch12@dmoz.org,,Orson,Keatch,39
40,ktill13@yahoo.com,129-967-9550,Kellina,Till,40
41,,334-357-5320,Ara,Pottberry,41
42,dsharpless15@unc.edu,105-506-1990,Dionis,Sharpless,42
43,fwoodus16@surveymonkey.com,362-193-8947,Fee,Woodus,43
44,rtiuit17@123-reg.co.uk,806-681-1611,Rice,Tiuit,44
45,rdawdary18@skyrock.com,288-387-3568,Roderick,Dawdary,45
46,,540-741-8777,Willem,Gosnay,46
47,,157-597-5383,Tabitha,Elcoux,47
48,gpoznanski1b@pen.io,725-905-4442,Gherardo,Poznanski,48
49,,134-159-9176,Thedrick,Ivens,49
50,kmillea1d@hugedomains.com,474-251-3015,Kaia,Millea,50
51,amacdowal1e@sbwire.com,173-584-9345,Alvera,MacDowal,51
52,,357-850-4298,Sophia,O'Doherty,52
53,apagett1g@weebly.com,727-379-4247,Allyce,Pagett,53
54,,643-664-0273,Austen,Woolens,54
55,,720-296-4883,Zorina,Gamlin,55
56,jgenney1j@addtoany.com,751-866-5256,Jazmin,Genney,56
57,tstiffkins1k@slate.com,,Tootsie,Stiffkins,57
58,jmuneely1l@globo.com,329-916-0161,Jareb,Muneely,58
59,gpladen1m@themeforest.net,834-744-7865,Gherardo,Pladen,59
60,kcecere1n@whitehouse.gov,596-460-5611,Kerby,Cecere,60
61,epagden1o@hhs.gov,554-170-5437,Elwin,Pagden,61
62,hhillock1p@parallels.com,361-650-2543,Hamil,Hillock,62
63,,630-698-0774,Lolita,Eaton,63
64,edonet1r@friendfeed.com,752-438-4566,Englebert,Donet,64
65,hwarby1s@liveinternet.ru,670-382-2880,Hatty,Warby,65
66,stodarello1t@amazon.co.uk,285-155-5230,Sibelle,Todarello,66
67,bdechelette1u@hostgator.com,257-686-1429,Birgitta,Dechelette,67
68,wivain1v@blogspot.com,792-273-4520,Wallie,Ivain,68
69,cskellen1w@wordpress.org,444-616-3349,Cory,Skellen,69
70,rackerley1x@last.fm,816-455-6462,Robinet,Ackerley,70
71,,,Reider,Carus,71
72,esollom1z@fda.gov,,Erina,Sollom,72
73,,759-953-5188,Garek,Boycott,73
74,fstother21@live.com,648-802-0276,Flory,Stother,74
75,atrainer22@fda.gov,518-926-1308,Amos,Trainer,75
76,kbruno23@oracle.com,900-818-6723,Ker,Bruno,76
77,,597-941-1592,Yolanthe,Tesseyman,77
78,btedorenko25@mail.ru,202-501-2308,Brigid,Tedorenko,78
79,lleist26@edublogs.org,752-617-3350,Lacie,Leist,79
80,,605-844-0864,Olivero,Quigg,80
81,ejaffrey28@usgs.gov,,Emmi,Jaffrey,81
82,hdiloway29@bbb.org,407-320-8575,Harcourt,Diloway,82
83,rcruttenden2a@paypal.com,274-273-9318,Ronna,Cruttenden,83
84,tconiff2b@ox.ac.uk,916-784-0560,Trace,Coniff,84
85,darrundale2c@tripadvisor.com,838-251-4938,Drew,Arrundale,85
86,dgrestye2d@geocities.jp,845-893-2032,Doloritas,Grestye,86
87,,164-277-1907,Zitella,Mapples,87
88,amclleese2f@gnu.org,989-352-9750,Alexina,McLleese,88
89,gloftie2g@edublogs.org,734-179-8689,Gonzalo,Loftie,89
90,ewhiteland2h@cbslocal.com,594-755-9500,Ellyn,Whiteland,90
91,,117-476-5949,Brenden,Giorio,91
92,,935-307-8722,Julie,Dowderswell,92
93,aserjent2k@opensource.org,517-987-9499,Aubry,Serjent,93
94,sceland2l@gnu.org,489-759-9284,Shannon,Celand,94
95,,,Ellene,Piatek,95
96,ngeri2n@slate.com,186-926-2038,Nappy,Geri,96
97,abuglass2o@twitter.com,270-543-4731,Appolonia,Buglass,97
98,zwhorall2p@shareasale.com,126-615-8560,Zoe,Whorall,98
99,btennick2q@youtu.be,431-861-7620,Burton,Tennick,99
100,caphale2r@ameblo.jp,841-314-8375,Carolynn,Aphale,100
101,ntumilty2s@smh.com.au,751-190-7875,Natty,Tumilty,101
102,owallage2t@patch.com,263-104-3784,Olivette,Wallage,102
103,krudgley2u@newsvine.com,951-169-3037,King,Rudgley,103
104,aglison2v@prnewswire.com,579-621-0863,Ann,Glison,104
105,mbruntje2w@japanpost.jp,564-965-6757,Muffin,Bruntje,105
106,jfarlham2x@ask.com,891-738-6768,Jacqueline,Farlham,106
107,ssherborne2y@t.co,911-482-0884,Sharia,Sherborne,107
108,rhayles2z@usnews.com,113-776-3042,Rafe,Hayles,108
109,jhayes30@cbslocal.com,877-863-6435,Johnna,Hayes,109
110,pfarnes31@geocities.com,169-915-3160,Petronia,Farnes,110
111,,598-682-3950,Ardyth,Eckhard,111
112,tjuett33@china.com.cn,408-503-9919,Trisha,Juett,112
113,,201-642-6714,Sibeal,Prowse,113
114,rnesfield35@free.fr,285-777-3273,Rolando,Nesfield,114
115,kkisar36@hhs.gov,804-197-8855,Ki,Kisar,115
116,dgrewer37@nifty.com,385-580-5851,Dalton,Grewer,116
117,bgeorger38@dot.gov,350-819-7473,Berenice,Georger,117
118,dmakinson39@e-recht24.de,770-153-9343,Dannel,Makinson,118
119,umckellen3a@guardian.co.uk,861-648-8327,Ursula,McKellen,119
120,ahackford3b@merriam-webster.com,,Aidan,Hackford,120
121,nmcgarel3c@gov.uk,999-625-9631,Neale,McGarel,121
122,fhedderly3d@odnoklassniki.ru,588-703-1611,Fawn,Hedderly,122
123,mtomaszczyk3e@ca.gov,949-688-7311,Milli,Tomaszczyk,123
124,,137-888-5016,Fleur,Stafford,124
125,,659-151-3644,Kelley,Stainfield,125
126,jjendrusch3h@foxnews.com,173-200-7622,Joycelin,Jendrusch,126
127,tgheerhaert3i@spotify.com,819-559-8759,Tore,Gheerhaert,127
128,sbrewis3j@comsenz.com,247-118-5111,Stephana,Brewis,128
129,clegrys3k@multiply.com,883-150-6248,Candace,Le Grys,129
130,,,Welsh,Speake,130
131,lioselevich3m@alibaba.com,788-848-8518,Lesley,Ioselevich,131
132,dpuvia3n@youtube.com,288-484-2679,Denyse,Puvia,132
133,pshemwell3o@go.com,639-493-4173,Padriac,Shemwell,133
134,rtapner3p@is.gd,,Randal,Tapner,134
135,,101-903-0008,Charlean,Gotts,135
136,,623-956-4789,Magdalena,Veillard,136
137,,,Alexi,Jeanesson,137
138,rshippey3t@wikimedia.org,821-267-3477,Rafa,Shippey,138
139,kcuseick3u@smh.com.au,748-955-6097,Ky,Cuseick,139
140,tkelshaw3v@bloomberg.com,849-888-2771,Tamara,Kelshaw,140
141,jproppers3w@deliciousdays.com,592-875-3633,Jess,Proppers,141
142,ncliburn3x@bing.com,966-796-5912,Norina,Cliburn,142
143,afillgate3y@cpanel.net,143-936-4082,Arlette,Fillgate,143
144,pheaselgrave3z@1und1.de,864-745-6798,Phil,Heaselgrave,144
145,kker40@usnews.com,242-789-2268,Keri,Ker,145
146,dwasmuth41@cargocollective.com,433-535-3853,Dalton,Wasmuth,146
147,fwarcop42@typepad.com,869-612-0731,Fidelia,Warcop,147
148,dflintoffe43@berkeley.edu,251-694-1057,Daryle,Flintoffe,148
149,fvannet44@walmart.com,936-409-6477,Flo,Vannet,149
150,tpidcock45@imdb.com,144-865-8763,Tiler,Pidcock,150
151,rallcock46@gov.uk,476-233-9909,Rheta,Allcock,151
152,,589-989-1917,Kippy,Petrasso,152
153,ringman48@networksolutions.com,779-149-6646,Rice,Ingman,153
154,rlowndsborough49@simplemachines.org,698-996-0507,Ram,Lowndsborough,154
155,pstent4a@yellowbook.com,302-175-0982,Paola,Stent,155
156,ddirr4b@liveinternet.ru,,Dan,Dirr,156
157,,199-925-6166,Byron,Solomonides,157
158,dcarvil4d@unc.edu,607-234-1724,Drew,Carvil,158
159,vtrembey4e@theatlantic.com,563-871-9734,Vinnie,Trembey,159
160,erankling4f@phpbb.com,635-328-9898,Ede,Rankling,160
161,tbeaushaw4g@comcast.net,509-604-5044,Tristam,Beaushaw,161
162,oodeegan4h@sphinn.com,275-720-9354,Othilie,O'Deegan,162
163,,505-428-4390,Karry,Paddy,163
164,griply4j@mtv.com,298-938-2220,Gottfried,Riply,164
165,mhusher4k@bandcamp.com,721-398-3607,Mill,Husher,165
166,malenov4l@merriam-webster.com,940-638-2208,Marne,Alenov,166
167,sveschambes4m@csmonitor.com,447-652-4248,Smitty,Veschambes,167
168,nmckeighen4n@zimbio.com,481-177-5109,Nerte,McKeighen,168
169,pgecks4o@google.pl,398-799-8133,Phip,Gecks,169
170,sodonegan4p@google.es,467-265-2621,Starla,O'Donegan,170
171,dreagan4q@blog.com,387-430-7658,Denice,Reagan,171
172,otrowle4r@hud.gov,,Odey,Trowle,172
173,dglancy4s@infoseek.co.jp,498-352-1594,Delora,Glancy,173
174,rreddel4t@reuters.com,178-219-3095,Rube,Reddel,174
175,rfogden4u@ucoz.ru,630-339-6989,Remus,Fogden,175
176,elong4v@prweb.com,543-776-8321,Edi,Long,176
177,mmcelwee4w@eventbrite.com,573-668-4418,Mischa,McElwee,177
178,mdanniell4x@barnesandnoble.com,220-828-5940,Margalit,Danniell,178
179,zstephenson4y@photobucket.com,,Zelda,Stephenson,179
180,egorner4z@desdev.cn,161-535-2267,Eddy,Gorner,180
181,mdenore50@smh.com.au,,Meta,de Nore,181
182,gfargher51@youtube.com,629-158-1250,Gusti,Fargher,182
183,gfoad52@naver.com,277-278-7374,Gregg,Foad,183
184,cmack53@php.net,314-920-8344,Cathlene,Mack,184
185,sfarbrace54@discovery.com,897-652-1953,Sigismond,Farbrace,185
186,atyrer55@businesswire.com,333-203-1451,Alistair,Tyrer,186
187,lfaire56@businessweek.com,,Leigh,Faire,187
188,fseawell57@slate.com,391-669-7845,Farica,Seawell,188
189,dannakin58@pinterest.com,703-326-5403,Dita,Annakin,189
190,ilonergan59@ycombinator.com,970-977-2539,Immanuel,Lonergan,190
191,,361-706-8876,Catharina,Duthie,191
192,wbasire5b@timesonline.co.uk,124-204-9725,Wernher,Basire,192
193,tdunphie5c@technorati.com,717-127-2086,Tuesday,Dunphie,193
194,htudgay5d@gizmodo.com,122-535-9189,Hale,Tudgay,194
195,smanagh5e@oracle.com,795-632-3367,Stephen,Managh,195
196,tjandel5f@dailymotion.com,,Ted,Jandel,196
197,dsoldan5g@ox.ac.uk,142-396-8537,Dane,Soldan,197
198,tscarlin5h@cornell.edu,512-245-5475,Timothy,Scarlin,198
199,gpostin5i@ihg.com,429-834-0946,Ginni,Postin,199
200,mfoale5j@cbslocal.com,587-854-2365,Meir,Foale,200
201,llangeren5k@pbs.org,168-458-1398,Locke,Langeren,201
202,apechold5l@economist.com,534-558-1350,Aveline,Pechold,202
203,wmellish5m@symantec.com,662-784-9640,Way,Mellish,203
204,mbretton5n@lycos.com,308-497-7367,Maximilianus,Bretton,204
205,ovakhonin5o@washington.edu,,Oren,Vakhonin,205
206,pcrutchley5p@google.pl,599-758-5746,Pearline,Crutchley,206
207,,,Jemimah,MacDaid,207
208,cwethered5r@ftc.gov,771-753-5674,Carmela,Wethered,208
209,rcowing5s@fema.gov,945-456-9968,Riane,Cowing,209
210,clangtree5t@ucla.edu,692-621-9546,Cart,Langtree,210
211,tbannister5u@omniture.com,438-133-4209,Tabbatha,Bannister,211
212,bvaughten5v@github.com,355-531-8315,Belva,Vaughten,212
213,tphalip5w@stanford.edu,,Theo,Phalip,213
214,ltichner5x@fotki.com,286-244-9343,Lambert,Tichner,214
215,agissop5y@weibo.com,160-921-0285,Al,Gissop,215
216,ccollyear5z@youtu.be,761-788-1809,Cullen,Collyear,216
217,arowan60@opensource.org,152-501-0056,Annissa,Rowan,217
218,ssussans61@cnet.com,217-650-5953,Sonny,Sussans,218
219,,509-577-9280,Essy,Pursey,219
220,jaistrop63@imageshack.us,773-601-6263,Jermayne,Aistrop,220
221,kmccurlye64@salon.com,223-176-3269,Kellia,Mc Curlye,221
222,rdresse65@infoseek.co.jp,799-271-5006,Ruthi,Dresse,222
223,ebranwhite66@reuters.com,881-974-5403,Ethelbert,Branwhite,223
224,lmoutrayread67@businesswire.com,618-173-8053,Lamont,Moutray Read,224
225,timeson68@bloglines.com,340-721-6206,Thorsten,Imeson,225
226,,491-471-6746,Garnet,Comi,226
227,rfairpool6a@google.pl,,Rollin,Fairpool,227
228,,981-896-1809,George,Brookz,228
229,pgriffen6c@wp.com,352-784-0060,Phillipp,Griffen,229
230,asaward6d@dagondesign.com,343-330-3927,Anetta,Saward,230
231,pscane6e@cloudflare.com,247-117-8252,Pieter,Scane,231
232,mambage6f@goo.ne.jp,346-845-4836,Martina,Ambage,232
233,,778-949-2715,Rebecca,Brookwell,233
234,rdoerr6h@fema.gov,813-835-7639,Rebekah,Doerr,234
235,,757-874-8673,Ashley,Suckling,235
236,unewart6j@mapquest.com,921-939-2278,Uta,Newart,236
237,bsaffill6k@vk.com,201-695-8457,Burl,Saffill,237
238,,261-929-8362,Averell,Lecointe,238
239,ndinapoli6m@sciencedirect.com,713-601-7919,Nicolle,Di Napoli,239
240,bnormant6n@elegantthemes.com,,Bekki,Normant,240
241,fcastellone6o@soundcloud.com,225-506-4760,Findlay,Castellone,241
242,kfeechum6p@mapy.cz,,Kristina,Feechum,242
243,larman6q@liveinternet.ru,319-593-1564,Lodovico,Arman,243
244,eogbourne6r@fda.gov,269-731-8013,Evered,Ogbourne,244
245,aanchor6s@nyu.edu,326-356-1592,Ab,Anchor,245
246,ofrankcom6t@house.gov,605-621-9339,Olenolin,Frankcom,246
247,,594-688-8292,Regen,Stawell,247
248,sradloff6v@about.me,433-603-0651,Salomone,Radloff,248
249,pcalder6w@walmart.com,,Pedro,Calder,249
250,deddisforth6x@ucsd.edu,219-199-8644,Darcey,Eddisforth,250
251,pbolens6y@newyorker.com,854-622-8384,Porter,Bolens,251
252,pgeistbeck6z@hostgator.com,864-240-8779,Prinz,Geistbeck,252
253,lskerme70@odnoklassniki.ru,459-396-8544,Larissa,Skerme,253
254,iharwin71@epa.gov,826-118-6057,Izzy,Harwin,254
255,metteridge72@tumblr.com,561-324-6799,Mireille,Etteridge,255
256,fnoon73@foxnews.com,242-260-0113,Fancie,Noon,256
257,preburn74@dailymotion.com,904-369-5221,Paddie,Reburn,257
258,gschettini75@globo.com,943-477-1063,Gretna,Schettini,258
259,fpizzie76@moonfruit.com,,Filide,Pizzie,259
260,vrodear77@ibm.com,,Viviyan,Rodear,260
261,bbraxay78@t.co,900-446-1176,Bari,Braxay,261
262,jmeugens79@furl.net,621-152-9386,Jamaal,Meugens,262
263,mwillingham7a@shareasale.com,127-366-2325,Menard,Willingham,263
264,cmatveyev7b@cmu.edu,702-256-4468,Cordi,Matveyev,264
265,dnott7c@abc.net.au,300-988-0499,Demetri,Nott,265
266,johartnett7d@blinklist.com,182-657-7365,Jeri,O'Hartnett,266
267,tcradey7e@dailymotion.com,,Trueman,Cradey,267
268,kfishpoole7f@house.gov,,Kelila,Fishpoole,268
269,hjuliff7g@bbb.org,365-270-2975,Hadleigh,Juliff,269
270,wwalch7h@privacy.gov.au,319-665-1134,Wallace,Walch,270
271,hmanilo7i@ocn.ne.jp,899-988-6451,Henderson,Manilo,271
272,,565-638-3778,Oralla,Jest,272
273,sforstall7k@guardian.co.uk,713-749-6969,Staci,Forstall,273
274,deadington7l@twitter.com,116-640-3957,Daphne,Eadington,274
275,cneiland7m@skype.com,850-890-9795,Corinne,Neiland,275
276,acausbey7n@ucsd.edu,387-544-7911,Annie,Causbey,276
277,mattrie7o@domainmarket.com,841-315-5269,Mario,Attrie,277
278,rwigglesworth7p@cocolog-nifty.com,610-498-9190,Rollie,Wigglesworth,278
279,abeckley7q@list-manage.com,,Archaimbaud,Beckley,279
280,,285-275-7928,Gonzales,Arundel,280
281,kanmore7s@google.cn,816-969-0148,Katharina,Anmore,281
282,,,Goddard,Sybe,282
283,giohananof7u@wikispaces.com,268-779-5947,Gus,Iohananof,283
284,adecruse7v@acquirethisname.com,237-512-6667,Andrew,Decruse,284
285,ctingly7w@earthlink.net,755-442-5375,Cleo,Tingly,285
286,trainford7x@dagondesign.com,745-887-8069,Templeton,Rainford,286
287,ipartington7y@tripadvisor.com,856-264-9938,Irita,Partington,287
288,gseagood7z@salon.com,777-914-5219,Glendon,Seagood,288
289,jolivera80@geocities.jp,,Jeanna,Olivera,289
290,nennion81@flavors.me,563-882-6906,Nyssa,Ennion,290
291,oromera82@reddit.com,558-531-9823,Oona,Romera,291
292,ngillhespy83@liveinternet.ru,106-770-5157,Nonie,Gillhespy,292
293,mgeffe84@biglobe.ne.jp,200-852-0225,Merralee,Geffe,293
294,alockley85@fema.gov,468-567-8330,Alaric,Lockley,294
295,mhailwood86@netlog.com,974-840-8659,Malissa,Hailwood,295
296,mstonehouse87@cbslocal.com,741-947-1660,Morna,Stonehouse,296
297,eivatts88@fastcompany.com,954-886-8593,Eddy,Ivatts,297
298,sspilsted89@booking.com,926-289-7449,Sullivan,Spilsted,298
299,ewickerson8a@wikia.com,,Emeline,Wickerson,299
300,,441-285-0318,Ulberto,Raftery,300
301,cborn8c@artisteer.com,719-247-4850,Catharina,Born,301
302,ntappington8d@netlog.com,,Nanete,Tappington,302
303,sducrow8e@issuu.com,792-847-3447,Stepha,Ducrow,303
304,csambell8f@privacy.gov.au,730-856-3507,Charlene,Sambell,304
305,rvala8g@si.edu,596-674-8604,Reyna,Vala,305
306,gkiffe8h@pen.io,966-317-0153,Gregoor,Kiffe,306
307,mgrastye8i@canalblog.com,,Madelin,Grastye,307
308,dbartolacci8j@samsung.com,516-663-6850,Darline,Bartolacci,308
309,umabbutt8k@arstechnica.com,,Urbain,Mabbutt,309
310,vbesson8l@aboutads.info,268-709-6705,Vanya,Besson,310
311,nrajchert8m@digg.com,971-884-1301,Noemi,Rajchert,311
312,wbeneze8n@yale.edu,134-352-5142,Wyndham,Beneze,312
313,bglasebrook8o@quantcast.com,377-279-7489,Brod,Glasebrook,313
314,estallwood8p@usa.gov,754-787-9280,Elberta,Stallwood,314
315,owilkisson8q@trellian.com,638-188-7747,Onfroi,Wilkisson,315
316,tguthrie8r@linkedin.com,672-719-9389,Tildie,Guthrie,316
317,roganian8s@youku.com,350-431-0688,Rice,Oganian,317
318,cworwood8t@unc.edu,113-599-6179,Cirillo,Worwood,318
319,cvere8u@upenn.edu,728-590-3434,Clemmy,Vere,319
320,aglide8v@tmall.com,,Anna,Glide,320
321,mwillan8w@wordpress.org,179-495-3923,Mufinella,Willan,321
322,vgorden8x@pen.io,671-898-7356,Valaree,Gorden,322
323,vhirth8y@umn.edu,911-300-5065,Vivianna,Hirth,323
324,tholsall8z@bloglovin.com,775-807-0903,Talbert,Holsall,324
325,ethebe90@statcounter.com,360-707-0408,Ermanno,Thebe,325
326,edunlap91@microsoft.com,,Evangelina,Dunlap,326
327,,132-294-9219,Johannes,Folini,327
328,bharburtson93@sphinn.com,839-479-2177,Benny,Harburtson,328
329,cantoshin94@seattletimes.com,733-247-5286,Carolina,Antoshin,329
330,zfeehely95@phpbb.com,342-807-2054,Zsazsa,Feehely,330
331,,533-152-5534,Cullan,Waterson,331
332,vklarzynski97@engadget.com,720-304-7265,Vaughan,Klarzynski,332
333,neyton98@prweb.com,,Norrie,Eyton,333
334,kguillot99@parallels.com,,Kirbie,Guillot,334
335,mdalliwater9a@github.io,746-225-4600,Marieann,Dalliwater,335
336,,837-757-3527,Kirstyn,McNysche,336
337,fvials9c@plala.or.jp,200-429-7641,Ferris,Vials,337
338,dbelin9d@macromedia.com,,Davita,Belin,338
339,tblum9e@pagesperso-orange.fr,,Tiebold,Blum,339
340,gparlor9f@livejournal.com,,Gibby,Parlor,340
341,lwalbrook9g@sakura.ne.jp,504-425-3037,Lusa,Walbrook,341
342,apentecust9h@yellowbook.com,372-986-6466,Aloysius,Pentecust,342
343,grisen9i@printfriendly.com,765-616-3093,Georg,Risen,343
344,jpietroni9j@tinyurl.com,511-929-2463,Joceline,Pietroni,344
345,cdavidsohn9k@dagondesign.com,378-146-9577,Caryl,Davidsohn,345
346,bpoller9l@goodreads.com,632-419-3042,Burty,Poller,346
347,hplampeyn9m@aboutads.info,594-282-4157,Horacio,Plampeyn,347
348,gsitlington9n@go.com,865-452-0182,Glyn,Sitlington,348
349,thousin9o@symantec.com,278-793-1349,Thorstein,Housin,349
350,,400-936-1246,Seamus,Baldack,350
351,gmcsweeney9q@cyberchimps.com,786-373-6985,Georgette,McSweeney,351
352,ayukhov9r@admin.ch,,Alikee,Yukhov,352
353,lpauletto9s@cnet.com,,Lil,Pauletto,353
354,jcowx9t@networkadvertising.org,195-742-0360,Juditha,Cowx,354
355,rholehouse9u@over-blog.com,483-568-5741,Rube,Holehouse,355
356,,259-240-2785,Klarika,Mixter,356
357,xpaulo9w@biblegateway.com,422-108-7027,Xenia,Paulo,357
358,bgerkens9x@hibu.com,817-517-7549,Bren,Gerkens,358
359,wmaddy9y@slashdot.org,880-709-8184,Wilie,Maddy,359
360,gdiggens9z@wordpress.org,244-706-7174,Gardie,Diggens,360
361,ngibbetta0@networksolutions.com,556-309-2972,Nils,Gibbett,361
362,wdarragona1@ameblo.jp,706-639-7075,Wildon,Darragon,362
363,etrahara2@ft.com,843-413-4154,Enrico,Trahar,363
364,efairebrothera3@irs.gov,,Ella,Fairebrother,364
365,jbhatiaa4@soup.io,712-387-8146,Jose,Bhatia,365
366,mpunta5@sogou.com,445-351-6925,Moll,Punt,366
367,sivanicheva6@earthlink.net,562-931-0186,Silvester,Ivanichev,367
368,mlingfoota7@51.la,568-915-5960,Myriam,Lingfoot,368
369,tbruinsa8@godaddy.com,860-215-4332,Terza,Bruins,369
370,,613-412-1222,Dav,Clelle,370
371,cbrandleaa@moonfruit.com,,Casper,Brandle,371
372,gfigiovanniab@bbc.co.uk,727-147-9247,Gerty,Figiovanni,372
373,hradleighac@arstechnica.com,527-755-0716,Henryetta,Radleigh,373
374,ebiddellad@google.nl,985-973-6075,Elston,Biddell,374
375,whelstripae@slashdot.org,180-389-8014,Willette,Helstrip,375
376,,703-384-3803,Faythe,Cabotto,376
377,fsallansag@seattletimes.com,861-463-8507,Frederic,Sallans,377
378,jconeybeerah@topsy.com,910-307-7773,Jillian,Coneybeer,378
379,dvossai@sina.com.cn,542-182-9552,Deborah,Voss,379
380,,930-553-1556,Lazar,Skellen,380
381,kmattesak@fotki.com,544-533-3525,Katleen,Mattes,381
382,,484-130-3694,Betta,Uden,382
383,ipadilloam@craigslist.org,135-733-7904,Ignazio,Padillo,383
384,,707-326-2652,Porty,Deeney,384
385,omidnerao@technorati.com,269-339-4528,Orly,Midner,385
386,matheisap@ask.com,669-955-8426,Marchelle,Atheis,386
387,,339-866-5132,Toddy,Reaman,387
388,rburthar@house.gov,687-427-0384,Ripley,Burth,388
389,acolebyas@mapy.cz,117-770-2032,Ajay,Coleby,389
390,ccaplinat@livejournal.com,909-636-8761,Cammy,Caplin,390
391,mhookau@phpbb.com,378-837-1278,Mylo,Hook,391
392,vwisniewskiav@ehow.com,780-354-2615,Victoria,Wisniewski,392
393,mpoynseraw@ucoz.ru,561-748-0487,Marrissa,Poynser,393
394,rwisdomax@canalblog.com,349-144-0443,Rolando,Wisdom,394
395,lbollettiay@sitemeter.com,853-753-6413,Lorry,Bolletti,395
396,eriefaz@webnode.com,210-737-8945,Ettore,Rief,396
397,glondingb0@stumbleupon.com,870-274-6985,Gerek,Londing,397
398,spindellb1@columbia.edu,791-539-2988,Stephenie,Pindell,398
399,lkalvinb2@omniture.com,974-848-2545,Laraine,Kalvin,399
400,kleanderb3@cnet.com,,Kurtis,Leander,400
401,twitcherleyb4@msn.com,653-654-7460,Terza,Witcherley,401
402,okhidrb5@wix.com,202-708-2328,Oralla,Khidr,402
403,clatchb6@ustream.tv,282-570-5484,Carson,Latch,403
404,btomasinob7@angelfire.com,779-356-8304,Briana,Tomasino,404
405,klegendreb8@eventbrite.com,125-848-2808,Kylie,Legendre,405
406,,793-294-9445,Germaine,Longforth,406
407,bcarollba@baidu.com,740-152-2344,Benita,Caroll,407
408,cpittendreighbb@state.gov,323-938-7653,Collin,Pittendreigh,408
409,agledhillbc@csmonitor.com,806-779-6267,Annmarie,Gledhill,409
410,gfeekbd@uol.com.br,,Gillan,Feek,410
411,fwaterbe@dmoz.org,615-422-2058,Fanya,Water,411
412,,135-118-7038,Saw,Conybear,412
413,gkennellybg@ifeng.com,817-228-6472,Gusti,Kennelly,413
414,lrabjohnbh@ezinearticles.com,412-376-6192,Lynett,Rabjohn,414
415,,798-366-7344,Odie,Spandley,415
416,fmundaybj@archive.org,190-418-1108,Forester,Munday,416
417,sshelmerdinebk@t-online.de,291-476-3632,Sarena,Shelmerdine,417
418,,528-538-6339,Jed,Dowle,418
419,kkilmurraybm@spotify.com,524-794-1775,Kai,Kilmurray,419
420,gsearsonbn@webnode.com,779-269-8321,Garrett,Searson,420
421,zmeffinbo@phoca.cz,518-696-1649,Zarah,Meffin,421
422,gpotterilbp@xing.com,172-154-8960,Georgianna,Potteril,422
423,cesomebq@shop-pro.jp,214-698-1409,Celia,Esome,423
424,hkuhnebr@domainmarket.com,521-478-4672,Hashim,Kuhne,424
425,bmardlebs@usatoday.com,827-930-0048,Bebe,Mardle,425
426,irisbridgerbt@istockphoto.com,646-337-1044,Ike,Risbridger,426
427,lwhittabu@drupal.org,738-766-3484,Leta,Whitta,427
428,chudlestonbv@washington.edu,954-293-6313,Chandra,Hudleston,428
429,bblondellebw@ameblo.jp,,Bird,Blondelle,429
430,pgarfittbx@businesswire.com,576-926-9645,Petunia,Garfitt,430
431,tdixsonby@sogou.com,155-497-4672,Tore,Dixson,431
432,dricebz@slideshare.net,628-654-7450,Dougy,Rice,432
433,aloxdalec0@domainmarket.com,806-431-2889,Abbot,Loxdale,433
434,ssplainc1@webs.com,356-317-1594,Shawna,Splain,434
435,emcquorkelc2@cdbaby.com,,Ellyn,McQuorkel,435
436,,,Solly,Gagin,436
437,asignorec4@buzzfeed.com,274-460-1573,Akim,Signore,437
438,pfulopc5@aboutads.info,289-902-0631,Petr,Fulop,438
439,afernsc6@is.gd,826-412-5555,Avictor,Ferns,439
440,amartinic7@oakley.com,973-377-6329,Aluin,Martini,440
441,pritsonc8@indiegogo.com,842-633-0323,Pearce,Ritson,441
442,asintonc9@admin.ch,190-851-4823,Alica,Sinton,442
443,pbalnaveca@kickstarter.com,348-179-8605,Patrizio,Balnave,443
444,obumphriescb@creativecommons.org,763-449-5586,Orton,Bumphries,444
445,flownescc@abc.net.au,143-896-4792,Field,Lownes,445
446,korsicd@furl.net,,Kellyann,Orsi,446
447,jhatherellce@yellowpages.com,297-117-1912,Jilli,Hatherell,447
448,rhansiecf@freewebs.com,218-920-7978,Rex,Hansie,448
449,raxecg@state.gov,436-356-2740,Randi,Axe,449
450,kjeffch@dailymail.co.uk,544-188-0350,Kalle,Jeff,450
451,hludeci@sitemeter.com,860-846-9919,Hugibert,Lude,451
452,wsyerscj@macromedia.com,308-705-5457,Wendie,Syers,452
453,kdoughteryck@spiegel.de,194-767-1458,Krisha,Doughtery,453
454,estivenscl@opensource.org,136-302-2046,Edie,Stivens,454
455,mcramercm@topsy.com,393-590-7349,Malissa,Cramer,455
456,admitrievskicn@addtoany.com,662-311-8733,Adolphe,Dmitrievski,456
457,mwitherbedco@barnesandnoble.com,190-386-8081,Mic,Witherbed,457
458,hkensholecp@about.me,805-679-8009,Heddie,Kenshole,458
459,,702-730-6075,Mikey,Tooke,459
460,cprossercr@chicagotribune.com,323-740-4507,Clive,Prosser,460
461,,420-789-5645,Boot,Andryushin,461
462,vstebbingsct@clickbank.net,960-216-1925,Valdemar,Stebbings,462
463,nelmancu@webeden.co.uk,655-448-6587,Nil,Elman,463
464,sattoncv@intel.com,799-803-7250,Stanley,Atton,464
465,,,Ulises,Semple,465
466,dcrumbleholmecx@netscape.com,,Dalli,Crumbleholme,466
467,gaspenloncy@opensource.org,310-484-6967,Gradey,Aspenlon,467
468,vposvnercz@businessinsider.com,906-805-6477,Vinnie,Posvner,468
469,kguidoned0@odnoklassniki.ru,737-727-6130,Kristine,Guidone,469
470,jkevaned1@wufoo.com,,Jessamyn,Kevane,470
471,remanulssond2@instagram.com,222-641-5592,Rani,Emanulsson,471
472,bdevonportd3@bluehost.com,621-258-4615,Basilius,Devonport,472
473,laylmored4@go.com,728-407-6699,Leesa,Aylmore,473
474,cnewcomend5@prnewswire.com,904-893-1864,Christiana,Newcomen,474
475,scorrod6@newsvine.com,,Salem,Corro,475
476,nballardd7@soup.io,205-376-8904,Nevins,Ballard,476
477,rfullagerd8@squidoo.com,403-108-9845,Ronna,Fullager,477
478,lthomd9@hostgator.com,573-582-9542,Lily,Thom,478
479,,647-925-4648,Field,Byrth,479
480,tmahydb@addthis.com,667-794-1109,Tobit,Mahy,480
481,alydforddc@ed.gov,306-214-3768,Ax,Lydford,481
482,ddenchdd@taobao.com,681-414-4296,Dania,Dench,482
483,kpolkde@parallels.com,922-604-0501,Kellina,Polk,483
484,edavidovitsdf@amazon.com,928-493-1992,Eben,Davidovits,484
485,jkohndg@opensource.org,431-720-6298,Joanne,Kohn,485
486,wghidolidh@princeton.edu,762-620-1990,Wolfy,Ghidoli,486
487,ahickissondi@jugem.jp,531-652-3963,Alec,Hickisson,487
488,zpragnalldj@mapquest.com,153-741-0552,Zane,Pragnall,488
489,ahabbershondk@fema.gov,429-187-9317,Avivah,Habbershon,489
490,kteidemandl@slate.com,420-626-6565,Kimbra,Teideman,490
491,cbruntjedm@example.com,565-296-6597,Christie,Bruntje,491
492,,858-143-4608,Selina,Libbis,492
493,anairydo@chicagotribune.com,276-776-9371,Albina,Nairy,493
494,mkordingdp@odnoklassniki.ru,364-289-5926,Myra,Kording,494
495,cjimedq@yahoo.com,876-537-5712,Camile,Jime,495
496,,600-335-6297,Xymenes,Heggadon,496
497,mjorckeds@ocn.ne.jp,884-862-5774,Myer,Jorcke,497
498,batkinsdt@nyu.edu,169-264-1780,Bay,Atkins,498
499,dforsaithdu@free.fr,997-704-7814,Davine,Forsaith,499
500,rjuszczakdv@bbc.co.uk,525-120-9501,Renae,Juszczak,500
501,tgalletlydw@army.mil,243-568-2874,Tully,Galletly,501
502,aiannuzzellidx@narod.ru,445-711-7737,Ardisj,Iannuzzelli,502
503,jtudballdy@va.gov,741-521-5798,Janella,Tudball,503
504,tqualtroughdz@drupal.org,909-607-4606,Tymothy,Qualtrough,504
505,afrakee0@rediff.com,,Alessandro,Frake,505
506,blegistere1@sohu.com,886-486-5019,Balduin,Legister,506
507,tgabbatisse2@rakuten.co.jp,,Talbot,Gabbatiss,507
508,kgiacomelloe3@indiegogo.com,892-124-2356,Krisha,Giacomello,508
509,bfabbe4@toplist.cz,,Benito,Fabb,509
510,mbearee5@google.co.uk,138-309-7095,Marcel,Beare,510
511,bfarrise6@latimes.com,220-594-3484,Bobby,Farris,511
512,kfandriche7@lulu.com,222-405-0147,Kiersten,Fandrich,512
513,tcanelase8@pbs.org,759-317-4765,Ted,Canelas,513
514,,785-366-5661,Dorothea,Room,514
515,spenrittea@java.com,366-948-8204,Shirl,Penritt,515
516,dalfwyeb@diigo.com,465-946-8033,Daune,Alfwy,516
517,beddisforthec@loc.gov,150-584-7486,Bronny,Eddisforth,517
518,cculhamed@epa.gov,287-988-0700,Carny,Culham,518
519,hskaifee@indiegogo.com,977-485-9976,Harwell,Skaif,519
520,pwhittleseaef@ow.ly,215-120-6299,Penelope,Whittlesea,520
521,,136-202-3105,Moises,Albutt,521
522,sbostoneh@odnoklassniki.ru,465-341-6910,Sharyl,Boston,522
523,pspreadei@google.nl,107-108-0158,Parry,Spread,523
524,wwinscumej@dyndns.org,295-528-2615,Wolfgang,Winscum,524
525,,857-128-4817,Veronika,Olekhov,525
526,mvizardel@epa.gov,655-418-7290,Morganica,Vizard,526
527,estodartem@g.co,,Efrem,Stodart,527
528,swelleren@naver.com,443-273-2420,Silvia,Weller,528
529,crusseleo@ed.gov,977-798-6460,Cy,Russel,529
530,,333-229-2777,Clemence,Ellicock,530
531,apagitteq@printfriendly.com,443-303-8807,Amalie,Pagitt,531
532,hhardsoner@upenn.edu,329-169-1078,Halsy,Hardson,532
533,hodames@seattletimes.com,808-218-1420,Helsa,Odam,533
534,fbulpittet@boston.com,982-447-4187,Foss,Bulpitt,534
535,calameu@networksolutions.com,321-885-1281,Carmine,Alam,535
536,santrumev@opera.com,817-397-3765,Salomi,Antrum,536
537,,824-649-8505,Aeriela,Ferrino,537
538,mselwinex@pbs.org,563-783-9085,Meryl,Selwin,538
539,bbeeversey@marketwatch.com,604-760-1147,Barbra,Beevers,539
540,surlichez@theatlantic.com,183-824-9719,Sarita,Urlich,540
541,pschonfeldf0@seesaa.net,212-600-9395,Purcell,Schonfeld,541
542,lemanuelovf1@ftc.gov,158-954-7086,Lew,Emanuelov,542
543,blakendenf2@archive.org,686-316-8607,Babara,Lakenden,543
544,,229-167-3714,Catrina,McGettrick,544
545,lrowntreef4@pen.io,299-239-4518,Leeland,Rowntree,545
546,meverilf5@gnu.org,724-571-6530,Meghann,Everil,546
547,rfoulshamf6@dot.gov,161-153-6489,Ranna,Foulsham,547
548,mkalkofenf7@economist.com,,Menard,Kalkofen,548
549,cwillbondf8@pagesperso-orange.fr,947-619-4680,Cari,Willbond,549
550,ioxtarbyf9@cornell.edu,594-254-1738,Irving,Oxtarby,550
551,byellowleefa@free.fr,,Bud,Yellowlee,551
552,wmanleyfb@reference.com,333-809-6844,Walton,Manley,552
553,bshermarfc@nih.gov,601-680-4653,Benyamin,Shermar,553
554,cthirlwellfd@booking.com,293-409-8187,Clevey,Thirlwell,554
555,mgazeyfe@hugedomains.com,351-498-8041,Marianna,Gazey,555
556,eshingfieldff@joomla.org,366-883-0062,Ezechiel,Shingfield,556
557,,361-587-5076,Bryce,Kurtis,557
558,lorgelfh@bloglovin.com,889-892-9114,Lorianna,Orgel,558
559,hlangerfi@samsung.com,424-185-1691,Huntlee,Langer,559
560,bbordisfj@g.co,,Bibbye,Bordis,560
561,kmelvillefk@privacy.gov.au,206-835-4661,Krystle,Melville,561
562,vdaingerfieldfl@bloomberg.com,540-477-7762,Val,Daingerfield,562
563,ejaggsfm@globo.com,378-124-1513,Erhart,Jaggs,563
564,gcowdroyfn@japanpost.jp,559-326-6370,Geoffry,Cowdroy,564
565,clefeaverfo@ucsd.edu,634-245-6615,Camile,Le feaver,565
566,,112-450-1366,Boyce,Zealy,566
567,lrevellefq@dedecms.com,807-536-2346,Leena,Revelle,567
568,,,Renado,Sabater,568
569,vsyplusfs@marriott.com,518-926-9229,Vyky,Syplus,569
570,acalvenft@booking.com,826-275-0430,Alwyn,Calven,570
571,,960-609-7734,Elvyn,Parncutt,571
572,mcellierfv@xrea.com,154-615-6565,Marlo,Cellier,572
573,tsturgesfw@java.com,786-525-2102,Tanner,Sturges,573
574,cshakshaftfx@europa.eu,670-687-2733,Corny,Shakshaft,574
575,fdolbeyfy@jugem.jp,767-654-5021,Felizio,Dolbey,575
576,mqusklayfz@last.fm,902-362-6122,Marcelline,Qusklay,576
577,gtesoeg0@paypal.com,,Gerrie,Tesoe,577
578,tminghettig1@mac.com,423-491-3541,Tatiana,Minghetti,578
579,mbarrouxg2@geocities.com,970-558-0710,Marquita,Barroux,579
580,ydemarsg3@sphinn.com,118-402-1757,Yalonda,De Mars,580
581,gwindousg4@plala.or.jp,211-535-8817,Gifford,Windous,581
582,eavong5@prweb.com,751-290-1069,Erie,Avon,582
583,jmelonbyg6@theatlantic.com,797-148-3726,Jasun,Melonby,583
584,bbukowskig7@youku.com,184-947-7389,Berkly,Bukowski,584
585,zgladstoneg8@youku.com,332-412-8641,Zara,Gladstone,585
586,fgoleyg9@ameblo.jp,102-517-4146,Francene,Goley,586
587,dhawga@discovery.com,346-118-7151,Danice,Haw,587
588,mbaumaiergb@bandcamp.com,,Martelle,Baumaier,588
589,lmcwhingc@pen.io,402-754-0034,Lancelot,McWhin,589
590,dmossgd@soundcloud.com,771-832-9295,Dallon,Moss,590
591,kgilluleyge@shinystat.com,,Kendrick,Gilluley,591
592,hkleinschmidtgf@tumblr.com,902-887-2154,Hana,Kleinschmidt,592
593,vattewgg@unicef.org,,Valerye,Attew,593
594,cheamusgh@army.mil,,Cathyleen,Heamus,594
595,cmariengi@cdc.gov,807-145-6675,Corry,Marien,595
596,mfigginsgj@lulu.com,732-184-4598,Morty,Figgins,596
597,jsingersgk@scribd.com,780-977-0600,Jody,Singers,597
598,jcarpegl@moonfruit.com,843-286-3825,Jennee,Carpe,598
599,fscholargm@cpanel.net,784-655-6739,Felipe,Scholar,599
600,alemoucheuxgn@statcounter.com,820-345-0701,Aubert,Le Moucheux,600
601,mclorleygo@issuu.com,809-962-5971,Mirella,Clorley,601
602,fdundredgegp@cloudflare.com,146-453-4424,Francklyn,Dundredge,602
603,gkamenagq@senate.gov,450-641-6485,Giacopo,Kamena,603
604,lrippinggr@berkeley.edu,108-220-9423,Lars,Ripping,604
605,,241-313-1241,Goldia,Kinkead,605
606,,784-125-6229,Kaine,Flecknell,606
607,epressergu@list-manage.com,802-731-9624,Elisha,Presser,607
608,jgildersleevegv@blogtalkradio.com,456-415-0945,Jorge,Gildersleeve,608
609,mburrowgw@github.com,783-890-0313,Manya,Burrow,609
610,wbridywatergx@oaic.gov.au,814-275-7658,Waiter,Bridywater,610
611,smacwilliamgy@blogger.com,845-590-4094,Stacey,MacWilliam,611
612,gagatesgz@webeden.co.uk,178-767-2450,Garv,Agates,612
613,abackhursth0@boston.com,747-571-0086,Angelique,Backhurst,613
614,,842-954-4589,Lynea,Stribling,614
615,sjarvish2@icq.com,192-597-0831,Shea,Jarvis,615
616,amccuffieh3@netlog.com,164-783-3666,Ambrose,McCuffie,616
617,mlarchiereh4@yellowpages.com,,Melinde,Larchiere,617
618,ngawkeh5@networksolutions.com,245-322-9737,Nathan,Gawke,618
619,tbedboroh6@tmall.com,964-620-9610,Torrance,Bedboro,619
620,zthoumassonh7@bloomberg.com,,Zuzana,Thoumasson,620
621,aspellsworthh8@slashdot.org,776-165-4286,Avictor,Spellsworth,621
622,bbartoschh9@bbb.org,898-126-3067,Bridgette,Bartosch,622
623,,778-643-9983,Ivonne,Santino,623
624,ndawtonhb@redcross.org,916-114-2378,Nick,Dawton,624
625,sjoslandhc@tumblr.com,498-672-6655,Sydel,Josland,625
626,dlearmonthd@buzzfeed.com,986-542-8929,Domini,Learmont,626
627,bmollindiniahe@prnewswire.com,955-843-5702,Byrann,Mollindinia,627
628,nlukasikhf@hud.gov,108-438-8785,Noella,Lukasik,628
629,lbeatyhg@themeforest.net,418-453-0386,Lilas,Beaty,629
630,bstansallhh@wunderground.com,174-615-6062,Brad,Stansall,630
631,rhouchenhi@cdc.gov,,Reamonn,Houchen,631
632,rreeveleyhj@hatena.ne.jp,603-734-3417,Ramonda,Reeveley,632
633,cainsworthhk@thetimes.co.uk,955-359-0089,Chloris,Ainsworth,633
634,,745-791-0751,Shalom,Franses,634
635,cinfantinohm@spotify.com,332-946-8802,Clarabelle,Infantino,635
636,eallcoathn@creativecommons.org,954-862-0056,Emmeline,Allcoat,636
637,cglawsopho@plala.or.jp,631-476-7082,Claudetta,Glawsop,637
638,crosendorfhp@amazon.com,938-768-5489,Clarisse,Rosendorf,638
639,enowakhq@ask.com,631-197-0250,Eolanda,Nowak,639
640,lmcanenyhr@ucla.edu,944-848-6841,Lynelle,McAneny,640
641,bshallcrosshs@google.com,661-893-4637,Bancroft,Shallcross,641
642,rbruyetht@goo.gl,818-709-7392,Raimondo,Bruyet,642
643,,860-254-3132,Annis,Ivons,643
644,mchesonhv@dyndns.org,989-464-9477,Madelin,Cheson,644
645,dcolquitehw@sciencedirect.com,,Daffie,Colquite,645
646,jwhellanshx@netscape.com,647-918-0221,Judah,Whellans,646
647,wharmsonhy@globo.com,666-724-7640,Wittie,Harmson,647
648,wpricketthz@edublogs.org,156-887-6813,Wyatan,Prickett,648
649,rabbysi0@over-blog.com,649-734-3069,Ricky,Abbys,649
650,escoulari1@japanpost.jp,659-144-3467,Edlin,Scoular,650
651,wconaghyi2@ucla.edu,254-486-9753,Willy,Conaghy,651
652,mmcganni3@icq.com,964-536-7405,Mercedes,McGann,652
653,rmackleyi4@hibu.com,200-166-5971,Ramon,Mackley,653
654,ccoldtarti5@typepad.com,714-997-1985,Corinne,Coldtart,654
655,eskerritti6@zimbio.com,513-274-2879,Eleonora,Skerritt,655
656,cheeroni7@sitemeter.com,181-753-0689,Cindelyn,Heeron,656
657,jpeeli8@google.nl,598-273-9472,Judi,Peel,657
658,hryderi9@uol.com.br,708-812-8152,Hilde,Ryder,658
659,hdamarellia@quantcast.com,932-433-1606,Hedvige,Damarell,659
660,aprobynib@ft.com,330-830-9802,Amye,Probyn,660
661,lgridleyic@wikispaces.com,493-957-1213,Lavinia,Gridley,661
662,aturveyid@about.me,,Ashli,Turvey,662
663,frennoxie@statcounter.com,,Fredelia,Rennox,663
664,dcrabbeif@wikispaces.com,367-337-7824,Darbee,Crabbe,664
665,lpoetzig@pagesperso-orange.fr,158-377-5879,Leon,Poetz,665
666,amosdallih@desdev.cn,520-240-3982,Ashton,Mosdall,666
667,,956-872-2337,Gordy,Tonnesen,667
668,lshaxbyij@privacy.gov.au,829-977-9422,Lamond,Shaxby,668
669,bhealingsik@sakura.ne.jp,930-921-6411,Brande,Healings,669
670,lkirwanil@marketwatch.com,793-816-2252,Louisette,Kirwan,670
671,smunroim@posterous.com,841-738-1939,Shalne,Munro,671
672,lwonhamin@e-recht24.de,601-182-9376,Lacie,Wonham,672
673,mluchettiio@google.com.hk,293-214-0134,Matthus,Luchetti,673
674,jshiptonip@ft.com,775-272-8530,Jule,Shipton,674
675,gkidderiq@cbslocal.com,457-938-5238,Guthrie,Kidder,675
676,,763-115-1488,Geno,Quainton,676
677,savisis@foxnews.com,778-800-2266,Salomon,Avis,677
678,dvenesit@1und1.de,246-876-2502,Darryl,Venes,678
679,,582-667-6957,Grissel,Kellen,679
680,,280-615-2030,Joann,Lilleman,680
681,,619-572-8570,Vin,Barthorpe,681
682,lbladonix@altervista.org,862-232-3631,Lily,Bladon,682
683,ademarchiiy@huffingtonpost.com,231-213-0551,Ave,De Marchi,683
684,druddickiz@washingtonpost.com,509-475-6810,Daffie,Ruddick,684
685,aprogerj0@cmu.edu,848-473-1108,Anett,Proger,685
686,ggobbetj1@cocolog-nifty.com,968-457-7762,Gladys,Gobbet,686
687,lhowlettj2@hubpages.com,611-643-1549,Lovell,Howlett,687
688,hshelveyj3@statcounter.com,906-923-3492,Harlene,Shelvey,688
689,ybelchambersj4@wsj.com,,Yankee,Belchambers,689
690,xcurrumj5@twitpic.com,847-672-4295,Xylia,Currum,690
691,hfarringtonj6@answers.com,,Helga,Farrington,691
692,,613-298-0708,Averyl,Stirrup,692
693,mcuestaj8@wired.com,557-605-7168,Michaelina,Cuesta,693
694,btrulockej9@zdnet.com,866-931-1247,Brenden,Trulocke,694
695,,498-515-0768,Zed,Benditt,695
696,akelledyjb@elegantthemes.com,907-221-2347,Arabella,Kelledy,696
697,dglynnjc@gizmodo.com,539-685-5947,Donella,Glynn,697
698,egrottyjd@ihg.com,614-704-6632,Eloisa,Grotty,698
699,nburnesje@artisteer.com,303-274-4181,Niall,Burnes,699
700,rlambornjf@tamu.edu,669-135-4620,Rickie,Lamborn,700
701,eboschejg@wisc.edu,,Edee,Bosche,701
702,girlamjh@ocn.ne.jp,869-980-7117,Giselbert,Irlam,702
703,,,Wynnie,Franiak,703
704,,740-877-0395,Bearnard,Cuseick,704
705,amerringtonjk@yandex.ru,926-451-9695,Annmaria,Merrington,705
706,svoyseyjl@java.com,275-296-0877,Sada,Voysey,706
707,jpawleyjm@51.la,651-553-4471,Jorry,Pawley,707
708,blatekjn@alibaba.com,918-244-8383,Barbabas,Latek,708
709,aseiterjo@twitter.com,494-813-4099,Arleta,Seiter,709
710,vblakslandjp@livejournal.com,786-595-3177,Vevay,Blaksland,710
711,,968-716-8952,Sigfried,Drescher,711
712,swestripjr@biglobe.ne.jp,484-438-6049,Shantee,Westrip,712
713,dalsteadjs@msn.com,337-381-8045,Deerdre,Alstead,713
714,oemmjt@va.gov,381-281-0540,Ondrea,Emm,714
715,manthesju@surveymonkey.com,855-264-1326,Monte,Anthes,715
716,mgilkesjv@wikipedia.org,703-712-7151,Margo,Gilkes,716
717,rmquhargejw@google.pl,127-493-8890,Rita,M'Quharge,717
718,jbrenardjx@cafepress.com,555-219-7101,Janos,Brenard,718
719,ngetchjy@mac.com,250-214-1131,Nolly,Getch,719
720,cstuttejz@ycombinator.com,,Cecilia,Stutte,720
721,sfaderk0@google.com.br,625-223-6213,Siusan,Fader,721
722,kfisherk1@freewebs.com,825-307-1658,Kylynn,Fisher,722
723,jhuckk2@yahoo.co.jp,379-165-8890,Jean,Huck,723
724,nlayhek3@constantcontact.com,837-935-6842,Noel,Layhe,724
725,cdarek4@amazon.com,803-592-2149,Clarita,Dare,725
726,gwillcockk5@jugem.jp,818-595-1572,Gail,Willcock,726
727,awithinshawk6@hhs.gov,461-430-0989,Alfie,Withinshaw,727
728,mrollok7@mozilla.com,726-674-1952,Mahmoud,Rollo,728
729,tbouslerk8@eepurl.com,,Thelma,Bousler,729
730,jmoreingk9@businessweek.com,217-607-3057,Jasun,Moreing,730
731,pmaclucaiska@uiuc.edu,795-476-5397,Petra,MacLucais,731
732,amichiekb@macromedia.com,146-308-0506,Arlen,Michie,732
733,hloffheadkc@mashable.com,918-604-1293,Hillary,Loffhead,733
734,hhadcroftkd@twitter.com,197-325-4241,Huntlee,Hadcroft,734
735,ccumpstyke@mashable.com,158-949-9440,Cori,Cumpsty,735
736,dacklandkf@yahoo.com,905-979-4584,Dimitry,Ackland,736
737,,,Gilburt,Eton,737
738,tyakebowitchkh@dailymail.co.uk,523-742-9112,Terrill,Yakebowitch,738
739,cdebooki@sohu.com,768-173-9959,Carrol,Deboo,739
740,,804-869-9165,Paolina,Griffen,740
741,creubbenskk@chicagotribune.com,114-615-6397,Cheryl,Reubbens,741
742,,917-438-3266,Yovonnda,Eddleston,742
743,llornekm@lycos.com,403-415-8674,Leanora,Lorne,743
744,emanzellkn@cyberchimps.com,610-309-5974,Elihu,Manzell,744
745,lmartinetsko@ted.com,930-160-4518,Lula,Martinets,745
746,,776-413-5769,Callida,Beaument,746
747,mhellierkq@mapy.cz,778-115-1057,Milli,Hellier,747
748,hvestykr@nymag.com,676-163-6669,Hobart,Vesty,748
749,ssprottks@networksolutions.com,223-654-9578,Stace,Sprott,749
750,rblackstonekt@nature.com,740-290-5583,Reagen,Blackstone,750
751,nfeatherstonehaughku@furl.net,369-670-7954,Nadia,Featherstonehaugh,751
752,pquartermainekv@devhub.com,417-556-3504,Patric,Quartermaine,752
753,saggottkw@adobe.com,349-111-6350,Shayne,Aggott,753
754,mwonfarkx@dailymotion.com,882-464-1684,Marketa,Wonfar,754
755,csweetmanky@skype.com,514-492-5165,Celestia,Sweetman,755
756,egiottinikz@google.nl,515-120-2710,Esdras,Giottini,756
757,jdarbonl0@psu.edu,,Jecho,Darbon,757
758,soganl1@vk.com,508-447-8105,Stormy,Ogan,758
759,dduddenl2@quantcast.com,380-970-4332,Daisi,Dudden,759
760,csauntonl3@netlog.com,956-891-0953,Cherise,Saunton,760
761,atouretl4@senate.gov,354-330-3252,Arthur,Touret,761
762,,860-824-6213,Christos,Smeal,762
763,kskellsl6@hp.com,146-379-8694,Kynthia,Skells,763
764,mollingtonl7@ovh.net,729-293-4099,Marleen,Ollington,764
765,gpuffettl8@alibaba.com,104-913-1842,Giselbert,Puffett,765
766,mpelcheurl9@moonfruit.com,505-740-1717,Margo,Pelcheur,766
767,aheadleyla@nytimes.com,839-178-7680,Arlina,Headley,767
768,oskirvanelb@friendfeed.com,168-222-6913,Orelie,Skirvane,768
769,rrutiglianolc@booking.com,245-603-1298,Rheta,Rutigliano,769
770,amalcolmsonld@spotify.com,982-708-0452,Adelheid,Malcolmson,770
771,fkillelayle@scientificamerican.com,,Floris,Killelay,771
772,mduffillf@ucla.edu,531-152-4080,Maritsa,Duffil,772
773,cveneurlg@eepurl.com,399-775-8725,Celene,Veneur,773
774,eleinthalllh@abc.net.au,656-971-5904,Estrella,Leinthall,774
775,eoseltonli@umn.edu,166-448-8728,Elroy,Oselton,775
776,esaurinlj@ow.ly,842-377-2007,Eolande,Saurin,776
777,,639-728-6892,Beilul,Rubberts,777
778,meganll@pcworld.com,417-759-3154,My,Egan,778
779,nsperrylm@hao123.com,405-570-7104,Nollie,Sperry,779
780,hbramsenln@gizmodo.com,575-148-1684,Hali,Bramsen,780
781,bjeffryeslo@histats.com,146-786-3021,Brigitte,Jeffryes,781
782,adeacocklp@independent.co.uk,,Avigdor,Deacock,782
783,,196-321-6233,Sheree,McRill,783
784,dhessenthalerlr@bandcamp.com,537-489-8628,Devlin,Hessenthaler,784
785,bpeatmanls@berkeley.edu,,Bethany,Peatman,785
786,dbealeslt@xrea.com,937-656-9713,Domeniga,Beales,786
787,arunseylu@surveymonkey.com,890-861-6854,Ambros,Runsey,787
788,ikernermannlv@geocities.com,205-939-6280,Ilsa,Kernermann,788
789,,,Standford,Elmhurst,789
790,adanilyaklx@homestead.com,613-445-5519,Aylmar,Danilyak,790
791,lfeehanly@irs.gov,731-747-3477,Loria,Feehan,791
792,odurantelz@cafepress.com,225-310-8020,Olenka,Durante,792
793,nserckm0@fc2.com,178-586-8025,Nichole,Serck,793
794,vswinburnem1@businessinsider.com,528-976-1106,Vidovic,Swinburne,794
795,mdrennanm2@narod.ru,919-184-9011,Maximilianus,Drennan,795
796,,161-505-9389,Debra,Hixson,796
797,gmurfettm4@blinklist.com,266-610-1770,Giffer,Murfett,797
798,apreedym5@guardian.co.uk,283-132-6167,Amanda,Preedy,798
799,awraithm6@networkadvertising.org,,Austin,Wraith,799
800,neverallm7@nps.gov,411-327-9213,Nikita,Everall,800
801,mlongom8@omniture.com,165-360-8833,Mendel,Longo,801
802,vthorwarthm9@webmd.com,876-754-9429,Vernon,Thorwarth,802
803,mmauricema@wp.com,890-220-3468,Margareta,Maurice,803
804,,110-531-8156,Herbert,Trotman,804
805,ebenbrickmc@diigo.com,660-982-7482,Eldredge,Benbrick,805
806,nwhyleymd@squidoo.com,,Nicolea,Whyley,806
807,spolome@google.es,976-119-4573,Sophronia,Polo,807
808,frowsellmf@salon.com,502-594-6105,Forrest,Rowsell,808
809,gstanbridgemg@xinhuanet.com,176-289-6890,Gannon,Stanbridge,809
810,cbrodheadmh@woothemes.com,,Clarie,Brodhead,810
811,nheberdenmi@timesonline.co.uk,814-891-1630,Neron,Heberden,811
812,vledstermj@edublogs.org,573-404-7949,Valery,Ledster,812
813,sshinemk@telegraph.co.uk,554-919-8179,Sly,Shine,813
814,dsawyersml@samsung.com,315-520-0328,Daniele,Sawyers,814
815,,,Faustine,Jedraszek,815
816,aticknermn@noaa.gov,130-544-0731,Abdul,Tickner,816
817,agilstinmo@economist.com,654-810-2531,Ardis,Gilstin,817
818,hinnocentimp@fc2.com,939-258-4192,Hasheem,Innocenti,818
819,hdeernessmq@comsenz.com,240-232-9484,Hally,Deerness,819
820,jstoutmr@soundcloud.com,,Jessie,Stout,820
821,smaidesms@bizjournals.com,993-140-7718,Seymour,Maides,821
822,dthumnelmt@storify.com,127-720-1509,Demetrius,Thumnel,822
823,joadesmu@dailymail.co.uk,333-942-1001,Jaquelyn,Oades,823
824,asyredmv@live.com,178-277-2908,Ashien,Syred,824
825,blittleymw@imdb.com,523-151-3139,Barbara,Littley,825
826,jbrocktonmx@uiuc.edu,,Jarrid,Brockton,826
827,lsowersbymy@fastcompany.com,835-696-2502,Lorrayne,Sowersby,827
828,bakettmz@desdev.cn,,Barbette,Akett,828
829,ksetteringtonn0@addthis.com,252-117-9048,Kahaleel,Setterington,829
830,kbentamen1@dmoz.org,875-218-7151,Karleen,Bentame,830
831,,602-333-8246,Deana,Dollimore,831
832,,917-480-2085,Marje,Lownsbrough,832
833,ramangern4@networksolutions.com,888-934-5407,Ralina,aManger,833
834,csielyn5@state.tx.us,,Camille,Siely,834
835,llemerien6@google.es,519-317-9192,Lanna,Lemerie,835
836,fblasin7@wufoo.com,109-907-2630,Far,Blasi,836
837,fhalbordn8@comcast.net,417-868-4734,Frieda,Halbord,837
838,lwillgoosen9@meetup.com,736-977-8292,Lesley,Willgoose,838
839,,136-268-0698,Daile,Wastling,839
840,djirasnb@instagram.com,588-946-6178,Damiano,Jiras,840
841,kriedelnc@wordpress.org,217-114-6725,Kaile,Riedel,841
842,mvequaudnd@gravatar.com,644-381-0857,Maitilde,Vequaud,842
843,hboothbyne@java.com,187-140-1997,Holmes,Boothby,843
844,gilettnf@seesaa.net,,Guillaume,Ilett,844
845,ilidyardng@cbc.ca,812-421-7056,Imelda,Lidyard,845
846,dtwentymannh@hao123.com,887-570-9430,Delly,Twentyman,846
847,,813-700-5200,Cassey,Dearlove,847
848,swadenj@studiopress.com,928-390-0520,Skip,Wade,848
849,rcawtenk@google.com.au,696-778-9774,Roman,Cawte,849
850,gmonninl@issuu.com,479-862-7537,Giffy,Monni,850
851,rlodingnm@cbc.ca,431-761-1633,Reinaldo,Loding,851
852,cwoolesnn@google.ca,696-767-8650,Corri,Wooles,852
853,fdaykinno@godaddy.com,280-345-9397,Farly,Daykin,853
854,ccrinidgenp@buzzfeed.com,989-194-8048,Cully,Crinidge,854
855,dandrusovnq@1und1.de,929-430-9486,Devin,Andrusov,855
856,hkellertnr@godaddy.com,207-537-0636,Hortense,Kellert,856
857,bkorlatns@smh.com.au,520-558-8188,Baxter,Korlat,857
858,mflasbynt@imdb.com,,Meagan,Flasby,858
859,pmcmarquisnu@newsvine.com,153-652-3006,Pavla,McMarquis,859
860,lcarnoghannv@ucoz.com,891-902-8190,Lissie,Carnoghan,860
861,smadgenw@blog.com,256-907-8465,Stella,Madge,861
862,rbrothersnx@dailymail.co.uk,705-296-2422,Rosabella,Brothers,862
863,,136-196-6391,Beryl,Borham,863
864,dmartinetnz@umn.edu,524-965-4034,Devland,Martinet,864
865,aportrisso0@icio.us,199-343-4383,Ainsley,Portriss,865
866,rtuminellio1@twitpic.com,167-287-0363,Rodrique,Tuminelli,866
867,cmcdirmido2@dell.com,903-622-5588,Celisse,McDirmid,867
868,lkarelo3@over-blog.com,354-396-1877,Lola,Karel,868
869,abaldungo4@macromedia.com,782-457-4324,Alana,Baldung,869
870,scoreyo5@weather.com,655-115-7663,Sandy,Corey,870
871,dgurdeno6@nba.com,439-757-0571,Diannne,Gurden,871
872,rantognazzio7@ameblo.jp,511-969-8027,Ralina,Antognazzi,872
873,,436-421-3989,Julie,Dunge,873
874,charberero9@acquirethisname.com,794-207-8623,Conny,Harberer,874
875,,295-250-5233,Rab,Keemar,875
876,dashbrookob@is.gd,380-345-2080,Doyle,Ashbrook,876
877,jraxworthyoc@cloudflare.com,382-883-3270,Jeanine,Raxworthy,877
878,agreenierod@omniture.com,902-672-0518,Adriaens,Greenier,878
879,,,Stacie,Sturzaker,879
880,aogavinof@stumbleupon.com,527-518-9742,Ash,O'Gavin,880
881,dvyelog@prlog.org,118-903-9926,Delano,Vyel,881
882,ctarpeyoh@dmoz.org,916-678-1471,Clerc,Tarpey,882
883,,156-644-0460,Madeleine,Yannikov,883
884,rtrickeroj@amazon.de,176-907-1917,Ric,Tricker,884
885,ppaybodyok@comcast.net,965-298-6069,Patton,Paybody,885
886,ltempertonol@ning.com,477-528-3437,Leola,Temperton,886
887,,,Camila,Lodo,887
888,,211-919-4954,Moina,Klimentyonok,888
889,bkliesloo@newyorker.com,706-771-7185,Bondie,Kliesl,889
890,enafzigerop@timesonline.co.uk,804-928-8559,Emalia,Nafziger,890
891,onutmanoq@cpanel.net,507-794-5836,Olag,Nutman,891
892,memsonor@wired.com,538-447-8891,Martha,Emson,892
893,,,Corabelle,Troillet,893
894,ftauntonot@admin.ch,781-707-4931,Fons,Taunton.,894
895,bwaddiloveou@seattletimes.com,571-140-7466,Bianka,Waddilove,895
896,bmaciaszczykov@sourceforge.net,,Bess,Maciaszczyk,896
897,cabramovicow@parallels.com,,Cherida,Abramovic,897
898,ekornelukox@dropbox.com,686-157-7385,Earle,Korneluk,898
899,wdarnbroughoy@friendfeed.com,210-152-8741,Worthy,Darnbrough,899
900,elambregtsoz@sphinn.com,575-538-3839,Elly,Lambregts,900
901,sendersonp0@un.org,319-448-2960,Skell,Enderson,901
902,gnewburyp1@fda.gov,180-456-7044,Gracia,Newbury,902
903,nsummerellp2@themeforest.net,445-293-0772,Nevsa,Summerell,903
904,atiernanp3@godaddy.com,,Anastassia,Tiernan,904
905,pneljesp4@scribd.com,584-293-9226,Philippa,Neljes,905
906,lburnep5@prweb.com,935-900-4988,Loreen,Burne,906
907,nashworthp6@home.pl,537-948-2024,Nollie,Ashworth,907
908,cbothenp7@creativecommons.org,603-194-6557,Carl,Bothen,908
909,dlongdenp8@stanford.edu,716-367-6205,Dyana,Longden,909
910,ccolbertsonp9@reference.com,713-905-7685,Cassius,Colbertson,910
911,zcarspa@xinhuanet.com,534-510-6315,Zebulen,Cars,911
912,nmabepb@squarespace.com,957-851-2688,Nikki,Mabe,912
913,cmorysonpc@columbia.edu,163-448-2814,Cristobal,Moryson,913
914,bconnewpd@mtv.com,615-539-7376,Birgit,Connew,914
915,eburdonpe@irs.gov,330-457-7842,Eudora,Burdon,915
916,,244-992-0665,Gerek,Haycraft,916
917,kkleuerpg@discovery.com,779-262-4200,Krysta,Kleuer,917
918,gmeiningerph@smugmug.com,537-478-3048,Gerrie,Meininger,918
919,rrennebachpi@yahoo.co.jp,423-856-1937,Rayner,Rennebach,919
920,tfaceypj@reuters.com,876-666-3472,Tani,Facey,920
921,dhartingtonpk@slate.com,,Dorella,Hartington,921
922,dtannpl@smh.com.au,202-177-8224,Daveta,Tann,922
923,pgallagerpm@deliciousdays.com,,Price,Gallager,923
924,dstirlingpn@discuz.net,854-658-5150,Dollie,Stirling,924
925,bughellipo@fema.gov,888-752-5307,Bibi,Ughelli,925
926,bneilsonpp@examiner.com,,Bellanca,Neilson,926
927,mbrighteypq@npr.org,,Marvin,Brightey,927
928,,205-574-2753,Barney,McElhargy,928
929,smoldenps@constantcontact.com,,Sylas,Molden,929
930,bglossuppt@yellowpages.com,290-343-3217,Blisse,Glossup,930
931,,989-888-9499,Ally,Baldwin,931
932,bdedneypv@scientificamerican.com,581-237-5909,Brook,Dedney,932
933,tduffieldpw@xing.com,406-400-5737,Twila,Duffield,933
934,cgrzegorzewskipx@yahoo.co.jp,335-343-3896,Codee,Grzegorzewski,934
935,kcostellowpy@nyu.edu,,Kanya,Costellow,935
936,mstiantpz@lulu.com,,Marrissa,Stiant,936
937,mwhifeq0@mashable.com,,Marlena,Whife,937
938,lmccombq1@wiley.com,479-925-2700,Lincoln,Mc Comb,938
939,,781-210-6208,Martelle,Haime,939
940,eprateq3@google.ca,591-557-9270,Elvira,Prate,940
941,epechtq4@blogspot.com,667-522-4197,Evvy,Pecht,941
942,ginmanq5@cloudflare.com,801-834-9822,Giulio,Inman,942
943,,354-318-7523,Elwin,Shellcross,943
944,dklinkq7@123-reg.co.uk,,Donia,Klink,944
945,mannakinq8@g.co,937-466-8962,Marion,Annakin,945
946,sdeemanq9@constantcontact.com,222-695-5786,Stesha,Deeman,946
947,dcasaroqa@mashable.com,448-123-9803,Dex,Casaro,947
948,,523-138-3762,Paloma,Brunone,948
949,ogrellisqc@alexa.com,514-897-7367,Olav,Grellis,949
950,cgavrielliqd@geocities.jp,407-465-1628,Charisse,Gavrielli,950
951,nwaterlandqe@salon.com,657-561-1922,Nevil,Waterland,951
952,hmcvitieqf@hexun.com,106-735-5458,Herby,McVitie,952
953,lploughwrightqg@taobao.com,324-669-5168,Loutitia,Ploughwright,953
954,jcartmailqh@tumblr.com,696-945-9869,Joelle,Cartmail,954
955,dchottyqi@businessweek.com,570-922-6246,Darryl,Chotty,955
956,cingeqj@hp.com,303-548-9715,Chrysler,Inge,956
957,bewbanksqk@privacy.gov.au,181-125-0232,Bee,Ewbanks,957
958,tworsfieldql@networkadvertising.org,241-504-7878,Terrijo,Worsfield,958
959,parsonqm@chron.com,943-924-9177,Pet,Arson,959
960,gchurchyardqn@acquirethisname.com,405-509-6179,Godard,Churchyard,960
961,lsanciasqo@hugedomains.com,992-574-4189,Lamond,Sancias,961
962,bbrackenburyqp@google.fr,556-522-4836,Babbette,Brackenbury,962
963,,974-141-0533,Daphene,Scud,963
964,tmarkieqr@reverbnation.com,685-218-1418,Tony,Markie,964
965,yhallqs@multiply.com,400-182-4715,Yvette,Hall,965
966,ledmundsqt@google.pl,139-965-6690,Lorianne,Edmunds,966
967,cfoystonequ@biblegateway.com,,Cherri,Foystone,967
968,wdergesqv@cornell.edu,249-312-6276,Wilhelmine,Derges,968
969,dtrehearneqw@parallels.com,217-414-8549,Dani,Trehearne,969
970,,,Judie,Monkleigh,970
971,mcalderoqy@twitpic.com,334-398-5574,Morty,Caldero,971
972,jcoomesqz@desdev.cn,679-605-0236,Jess,Coomes,972
973,blocarnor0@ed.gov,110-584-2075,Byrom,Locarno,973
974,wgogier1@skyrock.com,372-184-7859,Westleigh,Gogie,974
975,tpurkessr2@ca.gov,464-696-1898,Taite,Purkess,975
976,ladrienner3@accuweather.com,431-112-6805,Lief,Adrienne,976
977,kdienesr4@pbs.org,336-398-1942,Katinka,Dienes,977
978,,849-132-4230,Angele,MacConnell,978
979,,200-285-0619,Bram,Reason,979
980,lmakeswellr7@so-net.ne.jp,466-262-5058,Lucretia,Makeswell,980
981,pblythr8@cpanel.net,204-626-7801,Perla,Blyth,981
982,tfitzsimonr9@usda.gov,571-739-4918,Timmi,Fitzsimon,982
983,lricciardellira@yahoo.com,264-371-6646,Liliane,Ricciardelli,983
984,,,Rollie,McWaters,984
985,,885-175-0664,Aleda,Colville,985
986,rgoodard@nytimes.com,965-847-9788,Rahel,Gooda,986
987,cpantlinre@dedecms.com,,Chantalle,Pantlin,987
988,dgyrgorcewicxrf@infoseek.co.jp,156-625-1847,Doroteya,Gyrgorcewicx,988
989,,,Susann,Bradnam,989
990,ctremmilrh@ft.com,380-233-6484,Conni,Tremmil,990
991,askingleyri@linkedin.com,410-415-5823,Atalanta,Skingley,991
992,cedserrj@chron.com,359-957-7954,Cobbie,Edser,992
993,,,Laure,Schuck,993
994,tfearnehoughrl@epa.gov,686-586-1082,Tracey,Fearnehough,994
995,dphonixrm@devhub.com,432-172-2655,D'arcy,Phonix,995
996,sastlern@umich.edu,609-468-5134,Sky,Astle,996
997,,130-973-3226,Letitia,Conant,997
998,mbillrp@si.edu,384-670-4092,Mallory,Bill,998
999,hstroudrq@infoseek.co.jp,881-439-7126,Hilliary,Stroud,999
1000,bmullanrr@pen.io,554-508-2162,Belle,Mullan,1000
