Product_ID,Product_Name,Product_Image,Price,Stock,Category_ID
1,"Great Buck Howard, The",http://dummyimage.com/195x100.png/dddddd/000000,$39.11,23,1
2,Soft Fruit,http://dummyimage.com/229x100.png/cc0000/ffffff,$37.25,10,2
3,"Private Affairs of Bel Ami, The",http://dummyimage.com/146x100.png/dddddd/000000,$27.34,41,3
4,Blood Trails ,http://dummyimage.com/228x100.png/dddddd/000000,$36.55,56,4
5,"Greatest Love, The (Europa '51)",http://dummyimage.com/161x100.png/5fa2dd/ffffff,$13.18,84,5
6,"Norte, the End of History",http://dummyimage.com/166x100.png/dddddd/000000,$37.88,83,6
7,Tell,http://dummyimage.com/131x100.png/ff4444/ffffff,$46.76,19,7
8,"Passenger, The (Professione: reporter)",http://dummyimage.com/185x100.png/cc0000/ffffff,$20.28,38,8
9,North Dallas Forty,http://dummyimage.com/188x100.png/cc0000/ffffff,$21.07,52,9
10,Red's Dream,http://dummyimage.com/136x100.png/cc0000/ffffff,$49.83,82,10
11,"Sleep Room, The",http://dummyimage.com/220x100.png/ff4444/ffffff,$8.59,30,11
12,"Tsatsiki, Morsan och Polisen",http://dummyimage.com/218x100.png/ff4444/ffffff,$32.78,86,12
13,Treasure Island,http://dummyimage.com/230x100.png/5fa2dd/ffffff,$43.29,43,13
14,King Solomon's Mines,http://dummyimage.com/151x100.png/cc0000/ffffff,$48.11,33,14
15,Kart Racer,http://dummyimage.com/161x100.png/5fa2dd/ffffff,$11.95,92,15
16,Bluebeard (Landru),http://dummyimage.com/250x100.png/ff4444/ffffff,$49.48,12,16
17,Goya in Bordeaux (Goya en Burdeos),http://dummyimage.com/247x100.png/cc0000/ffffff,$35.71,69,17
18,"Curiosity of Chance, The",http://dummyimage.com/151x100.png/ff4444/ffffff,$44.76,77,18
19,Looking Forward,http://dummyimage.com/151x100.png/ff4444/ffffff,$1.42,74,19
20,Better Living Through Chemistry,http://dummyimage.com/224x100.png/dddddd/000000,$17.49,55,20
21,"Promise, The (Wu ji)",http://dummyimage.com/210x100.png/cc0000/ffffff,$37.47,63,21
22,Larry Crowne,http://dummyimage.com/222x100.png/dddddd/000000,$14.35,53,22
23,Marvellous,http://dummyimage.com/204x100.png/cc0000/ffffff,$4.84,47,23
24,Why Me?,http://dummyimage.com/210x100.png/cc0000/ffffff,$3.24,04,24
25,Harmontown,http://dummyimage.com/162x100.png/5fa2dd/ffffff,$23.86,43,25
26,Road House,http://dummyimage.com/197x100.png/cc0000/ffffff,$7.26,65,26
27,"Better Place, A",http://dummyimage.com/169x100.png/dddddd/000000,$48.79,58,27
28,More Dead Than Alive,http://dummyimage.com/188x100.png/5fa2dd/ffffff,$21.27,54,28
29,Addicted,http://dummyimage.com/204x100.png/cc0000/ffffff,$28.25,88,29
30,Let No Man Write My Epitaph,http://dummyimage.com/118x100.png/cc0000/ffffff,$1.53,54,30
31,"Tempest, The",http://dummyimage.com/250x100.png/ff4444/ffffff,$29.56,00,31
32,I Am David,http://dummyimage.com/115x100.png/cc0000/ffffff,$26.76,82,32
33,187 (One Eight Seven),http://dummyimage.com/106x100.png/cc0000/ffffff,$24.24,98,33
34,Salvatore Giuliano,http://dummyimage.com/197x100.png/ff4444/ffffff,$42.31,45,34
35,Mad Monster Party?,http://dummyimage.com/161x100.png/cc0000/ffffff,$44.98,23,35
36,Ben X,http://dummyimage.com/198x100.png/cc0000/ffffff,$38.66,32,36
37,Konga,http://dummyimage.com/219x100.png/5fa2dd/ffffff,$44.48,98,37
38,"Pom Pom Girls, The",http://dummyimage.com/220x100.png/cc0000/ffffff,$40.67,11,38
39,Marc Maron: Thinky Pain,http://dummyimage.com/165x100.png/dddddd/000000,$26.29,71,39
40,Artemisia,http://dummyimage.com/172x100.png/ff4444/ffffff,$8.72,37,40
41,At First Sight (Entre Nous) (Coup de foudre),http://dummyimage.com/198x100.png/5fa2dd/ffffff,$49.83,67,41
42,"Kid from Brooklyn, The",http://dummyimage.com/182x100.png/dddddd/000000,$20.12,91,42
43,Control Room,http://dummyimage.com/100x100.png/5fa2dd/ffffff,$36.03,84,43
44,Gamera vs. Jiger,http://dummyimage.com/124x100.png/5fa2dd/ffffff,$40.48,80,44
45,Home Movie,http://dummyimage.com/177x100.png/cc0000/ffffff,$9.93,18,45
46,Beachhead,http://dummyimage.com/240x100.png/5fa2dd/ffffff,$43.59,64,46
47,"Unbelievers, The",http://dummyimage.com/148x100.png/dddddd/000000,$15.13,81,47
48,Odd Man Out,http://dummyimage.com/176x100.png/dddddd/000000,$29.01,70,48
49,"Moon in the Gutter, The (La lune dans le caniveau)",http://dummyimage.com/220x100.png/ff4444/ffffff,$17.52,31,49
50,Team America: World Police,http://dummyimage.com/230x100.png/dddddd/000000,$22.82,52,50
51,Big Fella,http://dummyimage.com/102x100.png/5fa2dd/ffffff,$24.14,44,51
52,"Grave, The",http://dummyimage.com/249x100.png/5fa2dd/ffffff,$38.42,16,52
53,One Body Too Many,http://dummyimage.com/116x100.png/ff4444/ffffff,$27.97,57,53
54,X-Men: The Last Stand,http://dummyimage.com/147x100.png/5fa2dd/ffffff,$3.08,01,54
55,Never Say... Never! (Il ne faut jurer... de rien!),http://dummyimage.com/227x100.png/dddddd/000000,$11.74,14,55
56,Tom and Huck,http://dummyimage.com/202x100.png/cc0000/ffffff,$27.18,83,56
57,Hamburger Hill,http://dummyimage.com/126x100.png/cc0000/ffffff,$16.94,25,57
58,"Thin Line Between Love and Hate, A",http://dummyimage.com/239x100.png/5fa2dd/ffffff,$14.25,43,58
59,Crumb,http://dummyimage.com/159x100.png/5fa2dd/ffffff,$3.39,24,59
60,Adulthood,http://dummyimage.com/176x100.png/ff4444/ffffff,$18.50,17,60
61,"Inn in Tokyo, An (Tôkyô no yado)",http://dummyimage.com/124x100.png/5fa2dd/ffffff,$16.78,33,61
62,"Ghoul, The",http://dummyimage.com/103x100.png/cc0000/ffffff,$38.80,60,62
63,Days of Glory,http://dummyimage.com/154x100.png/dddddd/000000,$31.91,28,63
64,Strange Voyage,http://dummyimage.com/156x100.png/dddddd/000000,$46.79,05,64
65,Elf,http://dummyimage.com/240x100.png/dddddd/000000,$31.14,93,65
66,"Deep End, The",http://dummyimage.com/164x100.png/5fa2dd/ffffff,$25.52,14,66
67,When Dinosaurs Ruled the Earth,http://dummyimage.com/196x100.png/cc0000/ffffff,$40.44,08,67
68,Seeking Justice,http://dummyimage.com/151x100.png/5fa2dd/ffffff,$40.59,29,68
69,Arlington Road,http://dummyimage.com/141x100.png/ff4444/ffffff,$48.58,53,69
70,"Name for Evil, A",http://dummyimage.com/139x100.png/5fa2dd/ffffff,$4.27,91,70
71,Pontypool,http://dummyimage.com/239x100.png/ff4444/ffffff,$48.41,74,71
72,Nothing to Lose,http://dummyimage.com/111x100.png/5fa2dd/ffffff,$33.64,01,72
73,"Man Who Wasn't There, The",http://dummyimage.com/205x100.png/cc0000/ffffff,$13.39,19,73
74,That Uncertain Feeling,http://dummyimage.com/244x100.png/cc0000/ffffff,$9.09,14,74
75,Janie Jones,http://dummyimage.com/247x100.png/ff4444/ffffff,$43.78,81,75
76,Peter Pan,http://dummyimage.com/153x100.png/ff4444/ffffff,$13.20,47,76
77,American Pie Presents: Band Camp (American Pie 4: Band Camp),http://dummyimage.com/163x100.png/5fa2dd/ffffff,$2.92,14,77
78,Sleeping with the Enemy,http://dummyimage.com/119x100.png/dddddd/000000,$38.39,32,78
79,House Party 2,http://dummyimage.com/168x100.png/5fa2dd/ffffff,$31.85,94,79
80,Finder's Fee,http://dummyimage.com/184x100.png/cc0000/ffffff,$21.72,23,80
81,DuckTales: The Movie - Treasure of the Lost Lamp,http://dummyimage.com/244x100.png/5fa2dd/ffffff,$19.80,57,81
82,Billy Liar,http://dummyimage.com/144x100.png/5fa2dd/ffffff,$48.32,75,82
83,Sweet November,http://dummyimage.com/192x100.png/ff4444/ffffff,$47.40,58,83
84,Different for Girls,http://dummyimage.com/188x100.png/5fa2dd/ffffff,$10.11,81,84
85,Lola and Billy the Kid (Lola + Bilidikid),http://dummyimage.com/154x100.png/dddddd/000000,$24.45,81,85
86,Vegas Vacation (National Lampoon's Las Vegas Vacation),http://dummyimage.com/176x100.png/ff4444/ffffff,$49.19,09,86
87,Premium Rush,http://dummyimage.com/163x100.png/5fa2dd/ffffff,$21.43,69,87
88,Life Is a Long Quiet River (La vie est un long fleuve tranquille),http://dummyimage.com/130x100.png/dddddd/000000,$1.05,64,88
89,Husk,http://dummyimage.com/120x100.png/dddddd/000000,$14.44,04,89
90,Along Came a Spider,http://dummyimage.com/163x100.png/ff4444/ffffff,$48.82,91,90
91,Emil i Lönneberga,http://dummyimage.com/163x100.png/cc0000/ffffff,$21.37,15,91
92,Poor Boy's Game,http://dummyimage.com/166x100.png/5fa2dd/ffffff,$13.99,60,92
93,"Pig's Tale, A",http://dummyimage.com/135x100.png/dddddd/000000,$45.27,67,93
94,Bambi Meets Godzilla,http://dummyimage.com/110x100.png/dddddd/000000,$46.99,11,94
95,Wild Seven,http://dummyimage.com/235x100.png/ff4444/ffffff,$18.94,82,95
96,Zatoichi Meets the One-Armed Swordsman (Shin zatô Ichi: Yabure! Tôjin-ken) (Zatôichi 22),http://dummyimage.com/158x100.png/cc0000/ffffff,$8.63,35,96
97,RiP: A Remix Manifesto,http://dummyimage.com/237x100.png/5fa2dd/ffffff,$29.94,06,97
98,Death Takes a Holiday,http://dummyimage.com/109x100.png/dddddd/000000,$13.71,81,98
99,Velvet Goldmine,http://dummyimage.com/146x100.png/ff4444/ffffff,$12.19,61,99
100,Season For Assassins,http://dummyimage.com/247x100.png/dddddd/000000,$17.16,30,100
101,Freedom,http://dummyimage.com/202x100.png/dddddd/000000,$35.73,83,101
102,Concursante,http://dummyimage.com/216x100.png/ff4444/ffffff,$37.48,68,102
103,Hangar 18,http://dummyimage.com/177x100.png/ff4444/ffffff,$14.00,55,103
104,Ballad of the Little Soldier (Ballade vom kleinen Soldaten),http://dummyimage.com/160x100.png/ff4444/ffffff,$26.46,45,104
105,Crash,http://dummyimage.com/187x100.png/ff4444/ffffff,$21.31,42,105
106,My Flesh and Blood,http://dummyimage.com/209x100.png/5fa2dd/ffffff,$48.10,57,106
107,"Good Heart, The",http://dummyimage.com/165x100.png/5fa2dd/ffffff,$16.62,64,107
108,"Armwrestler From Solitude, The (Armbryterskan från Ensamheten)",http://dummyimage.com/249x100.png/5fa2dd/ffffff,$11.66,76,108
109,"Adventures of Tintin, The",http://dummyimage.com/115x100.png/ff4444/ffffff,$31.85,01,109
110,Escape from New York,http://dummyimage.com/122x100.png/dddddd/000000,$23.05,49,110
111,"Brasher Doubloon, The",http://dummyimage.com/146x100.png/dddddd/000000,$42.33,37,111
112,Stardust,http://dummyimage.com/187x100.png/5fa2dd/ffffff,$33.00,45,112
113,Murder in Greenwich,http://dummyimage.com/210x100.png/cc0000/ffffff,$44.98,66,113
114,"Street with No Name, The",http://dummyimage.com/123x100.png/5fa2dd/ffffff,$38.80,39,114
115,"Secret, The",http://dummyimage.com/118x100.png/ff4444/ffffff,$23.62,03,115
116,Standard Operating Procedure,http://dummyimage.com/168x100.png/cc0000/ffffff,$49.37,16,116
117,1492: Conquest of Paradise,http://dummyimage.com/243x100.png/5fa2dd/ffffff,$29.16,25,117
118,Much Ado About Nothing,http://dummyimage.com/129x100.png/ff4444/ffffff,$38.98,12,118
119,"Comfort of Strangers, The",http://dummyimage.com/234x100.png/dddddd/000000,$47.58,22,119
120,Summer of '04 (Sommer '04),http://dummyimage.com/178x100.png/cc0000/ffffff,$24.40,49,120
121,My Friend Irma Goes West,http://dummyimage.com/241x100.png/ff4444/ffffff,$28.22,16,121
122,Bliss (Mutluluk),http://dummyimage.com/159x100.png/5fa2dd/ffffff,$38.17,77,122
123,Mafioso,http://dummyimage.com/142x100.png/ff4444/ffffff,$23.56,98,123
124,"Bigger, Stronger, Faster*",http://dummyimage.com/135x100.png/cc0000/ffffff,$27.36,72,124
125,Terminal USA,http://dummyimage.com/240x100.png/cc0000/ffffff,$31.78,43,125
126,Moonrise Kingdom,http://dummyimage.com/131x100.png/dddddd/000000,$43.89,52,126
127,Rafa,http://dummyimage.com/209x100.png/ff4444/ffffff,$14.53,79,127
128,The Emperor's Candlesticks,http://dummyimage.com/106x100.png/ff4444/ffffff,$40.10,30,128
129,"Taxing Woman, A (Marusa no onna)",http://dummyimage.com/214x100.png/dddddd/000000,$20.58,90,129
130,All Together,http://dummyimage.com/174x100.png/cc0000/ffffff,$0.33,10,130
131,"Generation, A (Pokolenie)",http://dummyimage.com/121x100.png/ff4444/ffffff,$39.78,31,131
132,How the Grinch Stole Christmas!,http://dummyimage.com/207x100.png/dddddd/000000,$49.54,24,132
133,Escape to Athena,http://dummyimage.com/114x100.png/cc0000/ffffff,$32.84,17,133
134,Raw Deal: A Question of Consent,http://dummyimage.com/105x100.png/ff4444/ffffff,$35.80,37,134
135,"Field in England, A",http://dummyimage.com/115x100.png/ff4444/ffffff,$20.93,54,135
136,No habrá paz para los malvados,http://dummyimage.com/191x100.png/ff4444/ffffff,$15.02,46,136
137,Lee Daniels' The Butler,http://dummyimage.com/138x100.png/ff4444/ffffff,$25.15,27,137
138,"Catered Affair, The",http://dummyimage.com/204x100.png/dddddd/000000,$38.92,54,138
139,Penda's Fen,http://dummyimage.com/165x100.png/ff4444/ffffff,$15.45,77,139
140,Society,http://dummyimage.com/243x100.png/ff4444/ffffff,$3.03,16,140
141,Absentia,http://dummyimage.com/106x100.png/5fa2dd/ffffff,$23.16,24,141
142,Like Crazy,http://dummyimage.com/191x100.png/ff4444/ffffff,$49.81,69,142
143,"I Hate Mondays, (Nie lubie poniedzialku)",http://dummyimage.com/208x100.png/dddddd/000000,$33.40,93,143
144,Titanic Town,http://dummyimage.com/125x100.png/ff4444/ffffff,$14.12,69,144
145,Repo Man,http://dummyimage.com/183x100.png/dddddd/000000,$19.11,58,145
146,Liar Liar,http://dummyimage.com/205x100.png/5fa2dd/ffffff,$3.08,53,146
147,City Hall,http://dummyimage.com/219x100.png/dddddd/000000,$16.88,57,147
148,Lemon Tree,http://dummyimage.com/212x100.png/5fa2dd/ffffff,$14.13,62,148
149,B.U.S.T.E.D (Everybody Loves Sunshine) (Busted),http://dummyimage.com/102x100.png/5fa2dd/ffffff,$7.45,69,149
150,Played,http://dummyimage.com/135x100.png/cc0000/ffffff,$18.05,56,150
151,"Silence Before Bach, The (Die Stille vor Bach) ",http://dummyimage.com/140x100.png/dddddd/000000,$14.14,23,151
152,My Life So Far,http://dummyimage.com/129x100.png/cc0000/ffffff,$15.60,28,152
153,Shakespeare-Wallah,http://dummyimage.com/116x100.png/5fa2dd/ffffff,$34.81,06,153
154,Querelle,http://dummyimage.com/237x100.png/cc0000/ffffff,$4.11,94,154
155,Jerry Springer: The Opera,http://dummyimage.com/189x100.png/ff4444/ffffff,$7.23,77,155
156,'R Xmas,http://dummyimage.com/193x100.png/ff4444/ffffff,$49.06,14,156
157,Wild Love,http://dummyimage.com/219x100.png/5fa2dd/ffffff,$26.34,31,157
158,Unleashed (Danny the Dog),http://dummyimage.com/242x100.png/dddddd/000000,$28.46,98,158
159,Geri's Game,http://dummyimage.com/130x100.png/cc0000/ffffff,$13.24,70,159
160,Snake-Crane Secret (She hao dan xin zhen jiu zhou),http://dummyimage.com/208x100.png/cc0000/ffffff,$35.34,21,160
161,Top Banana,http://dummyimage.com/222x100.png/dddddd/000000,$46.49,64,161
162,"Kiss of the Vampire, The",http://dummyimage.com/218x100.png/cc0000/ffffff,$2.19,38,162
163,Spring Break,http://dummyimage.com/120x100.png/5fa2dd/ffffff,$17.89,33,163
164,"Flesh Merchant, The (Wild and Wicked, The)",http://dummyimage.com/156x100.png/5fa2dd/ffffff,$10.05,20,164
165,Showgirls,http://dummyimage.com/168x100.png/ff4444/ffffff,$41.54,61,165
166,"Hello, Dolly!",http://dummyimage.com/188x100.png/dddddd/000000,$39.32,57,166
167,Addicted to Plastic,http://dummyimage.com/165x100.png/5fa2dd/ffffff,$40.89,46,167
168,Waterloo Bridge,http://dummyimage.com/115x100.png/ff4444/ffffff,$36.41,97,168
169,Mademoiselle Chambon,http://dummyimage.com/161x100.png/cc0000/ffffff,$40.13,12,169
170,"Minion, The",http://dummyimage.com/136x100.png/cc0000/ffffff,$6.50,55,170
171,House of Cards,http://dummyimage.com/247x100.png/5fa2dd/ffffff,$23.93,01,171
172,Peculiarities of the National Hunt (Osobennosti natsionalnoy okhoty) ,http://dummyimage.com/161x100.png/ff4444/ffffff,$38.40,74,172
173,"String, The (Le fil)",http://dummyimage.com/236x100.png/dddddd/000000,$41.48,96,173
174,Fanny,http://dummyimage.com/158x100.png/ff4444/ffffff,$42.55,58,174
175,Last Passenger,http://dummyimage.com/124x100.png/ff4444/ffffff,$24.42,74,175
176,Solitary Man,http://dummyimage.com/224x100.png/cc0000/ffffff,$14.88,92,176
177,"Color Wheel, The",http://dummyimage.com/219x100.png/dddddd/000000,$20.85,97,177
178,"Never Play Clever Again (Gendarme et les gendarmettes, Le)",http://dummyimage.com/168x100.png/ff4444/ffffff,$44.77,03,178
179,Little Children,http://dummyimage.com/197x100.png/cc0000/ffffff,$49.90,14,179
180,"Forbidden Christ, The (Cristo proibito, Il)",http://dummyimage.com/220x100.png/ff4444/ffffff,$37.09,36,180
181,"Norte, the End of History",http://dummyimage.com/240x100.png/cc0000/ffffff,$25.95,48,181
182,Lost Boys of Sudan,http://dummyimage.com/177x100.png/5fa2dd/ffffff,$31.61,59,182
183,Magic in the Water,http://dummyimage.com/235x100.png/5fa2dd/ffffff,$22.57,10,183
184,1-900,http://dummyimage.com/140x100.png/5fa2dd/ffffff,$39.40,64,184
185,Kickboxer 2: The Road Back,http://dummyimage.com/124x100.png/dddddd/000000,$19.67,55,185
186,"Witches, The (Le streghe)",http://dummyimage.com/179x100.png/dddddd/000000,$3.01,22,186
187,Ghost Machine,http://dummyimage.com/209x100.png/dddddd/000000,$27.78,52,187
188,Don's Plum,http://dummyimage.com/165x100.png/ff4444/ffffff,$19.23,20,188
189,My Mom Is a Character (Minha Mãe é uma Peça: O Filme),http://dummyimage.com/107x100.png/5fa2dd/ffffff,$47.33,73,189
190,Miracle on 34th Street,http://dummyimage.com/189x100.png/5fa2dd/ffffff,$43.97,42,190
191,Films to Keep You Awake: The Christmas Tale (Películas para no dormir: Cuento de navidad),http://dummyimage.com/115x100.png/cc0000/ffffff,$6.12,42,191
192,Four Flies on Grey Velvet,http://dummyimage.com/247x100.png/5fa2dd/ffffff,$32.96,36,192
193,"Cost of Living, The (Le coût de la vie)",http://dummyimage.com/240x100.png/5fa2dd/ffffff,$38.52,65,193
194,Tyler Perry's A Madea Christmas,http://dummyimage.com/159x100.png/dddddd/000000,$4.43,36,194
195,"Return of Martin Guerre, The (Retour de Martin Guerre, Le)",http://dummyimage.com/220x100.png/ff4444/ffffff,$28.11,44,195
196,Domino,http://dummyimage.com/218x100.png/cc0000/ffffff,$43.71,96,196
197,I Served the King of England (Obsluhoval jsem anglického krále),http://dummyimage.com/173x100.png/ff4444/ffffff,$27.27,45,197
198,Crackers,http://dummyimage.com/102x100.png/5fa2dd/ffffff,$34.71,31,198
199,"Driver, The",http://dummyimage.com/113x100.png/dddddd/000000,$8.86,74,199
200,"Passion of Darkly Noon, The",http://dummyimage.com/165x100.png/cc0000/ffffff,$32.14,54,200
201,"Jungle Book of Regulations, A (Nie Ma Rozy Bez Ognia)",http://dummyimage.com/234x100.png/ff4444/ffffff,$48.74,35,201
202,Quiz Show,http://dummyimage.com/174x100.png/5fa2dd/ffffff,$10.56,37,202
203,Heathers,http://dummyimage.com/222x100.png/dddddd/000000,$30.64,75,203
204,El Escarabajo de Oro,http://dummyimage.com/176x100.png/dddddd/000000,$18.40,01,204
205,Jay Mohr: Funny for a Girl,http://dummyimage.com/116x100.png/ff4444/ffffff,$45.06,70,205
206,The Linguists,http://dummyimage.com/187x100.png/dddddd/000000,$44.63,14,206
207,"Guru, The",http://dummyimage.com/162x100.png/ff4444/ffffff,$29.12,71,207
208,Shatter Dead,http://dummyimage.com/167x100.png/cc0000/ffffff,$26.69,45,208
209,Five Angles on Murder,http://dummyimage.com/233x100.png/cc0000/ffffff,$4.02,28,209
210,Catching Hell,http://dummyimage.com/190x100.png/cc0000/ffffff,$21.34,70,210
211,Idiot's Delight,http://dummyimage.com/148x100.png/5fa2dd/ffffff,$18.53,49,211
212,Little Children,http://dummyimage.com/107x100.png/cc0000/ffffff,$26.81,13,212
213,Bounty Killer,http://dummyimage.com/192x100.png/cc0000/ffffff,$13.16,31,213
214,Murder on a Honeymoon,http://dummyimage.com/127x100.png/5fa2dd/ffffff,$26.38,97,214
215,"Hidden Assassin (Shooter, The)",http://dummyimage.com/155x100.png/cc0000/ffffff,$11.22,02,215
216,Death to Smoochy,http://dummyimage.com/113x100.png/dddddd/000000,$18.34,29,216
217,Piranha II: The Spawning,http://dummyimage.com/178x100.png/cc0000/ffffff,$31.18,56,217
218,"Juche Idea, The",http://dummyimage.com/145x100.png/ff4444/ffffff,$45.86,97,218
219,"Projectionist, The",http://dummyimage.com/205x100.png/ff4444/ffffff,$46.25,93,219
220,The Lunchbox,http://dummyimage.com/171x100.png/ff4444/ffffff,$42.27,84,220
221,My Prairie Home,http://dummyimage.com/130x100.png/dddddd/000000,$28.96,42,221
222,"Proposition, The",http://dummyimage.com/136x100.png/ff4444/ffffff,$46.77,95,222
223,He Got Game,http://dummyimage.com/172x100.png/cc0000/ffffff,$8.48,65,223
224,"Mother and the Whore, The (Maman et la putain, La)",http://dummyimage.com/235x100.png/dddddd/000000,$15.24,29,224
225,Red Beard (Akahige),http://dummyimage.com/147x100.png/ff4444/ffffff,$27.05,89,225
226,"Wonderful Ice Cream Suit, The",http://dummyimage.com/186x100.png/ff4444/ffffff,$38.34,01,226
227,The Widow From Chicago,http://dummyimage.com/141x100.png/5fa2dd/ffffff,$36.50,23,227
228,"Saban, Son of Saban",http://dummyimage.com/217x100.png/5fa2dd/ffffff,$25.89,00,228
229,Kings of Recycling (Kierrätyksen kuninkaat),http://dummyimage.com/236x100.png/ff4444/ffffff,$23.06,59,229
230,On the Road,http://dummyimage.com/128x100.png/dddddd/000000,$28.94,58,230
231,Manhunter,http://dummyimage.com/164x100.png/ff4444/ffffff,$44.52,42,231
232,Fantomas vs. Scotland Yard,http://dummyimage.com/206x100.png/dddddd/000000,$24.90,06,232
233,Grand Masti,http://dummyimage.com/225x100.png/dddddd/000000,$28.46,02,233
234,"Happy Ending, The",http://dummyimage.com/168x100.png/5fa2dd/ffffff,$15.30,03,234
235,7 Dwarves: The Forest Is Not Enough,http://dummyimage.com/233x100.png/cc0000/ffffff,$12.21,08,235
236,Chillers,http://dummyimage.com/102x100.png/cc0000/ffffff,$9.62,89,236
237,Bed & Breakfast: Love is a Happy Accident (Bed & Breakfast),http://dummyimage.com/244x100.png/cc0000/ffffff,$1.50,75,237
238,Cord (Hide and Seek),http://dummyimage.com/214x100.png/dddddd/000000,$33.50,91,238
239,Everybody's Acting,http://dummyimage.com/234x100.png/dddddd/000000,$46.35,46,239
240,Judith of Bethulia,http://dummyimage.com/242x100.png/5fa2dd/ffffff,$30.29,18,240
241,White Night (Hvid nat),http://dummyimage.com/157x100.png/5fa2dd/ffffff,$1.68,10,241
242,Val Lewton:  The Man in the Shadows,http://dummyimage.com/200x100.png/cc0000/ffffff,$0.99,41,242
243,Confidence,http://dummyimage.com/145x100.png/dddddd/000000,$29.65,84,243
244,A Second Chance,http://dummyimage.com/151x100.png/dddddd/000000,$6.21,25,244
245,Hollow Man,http://dummyimage.com/185x100.png/cc0000/ffffff,$5.39,67,245
246,They Call Us Misfits (Dom kallar oss mods),http://dummyimage.com/212x100.png/ff4444/ffffff,$8.16,72,246
247,At First Sight,http://dummyimage.com/217x100.png/dddddd/000000,$46.91,78,247
248,"Reckoning, The",http://dummyimage.com/134x100.png/ff4444/ffffff,$2.53,22,248
249,Captain Corelli's Mandolin,http://dummyimage.com/220x100.png/cc0000/ffffff,$12.42,37,249
250,Sleep with Me,http://dummyimage.com/108x100.png/cc0000/ffffff,$43.13,73,250
251,Tru Confessions,http://dummyimage.com/141x100.png/cc0000/ffffff,$12.69,02,251
252,The Cabin in the Cotton,http://dummyimage.com/177x100.png/dddddd/000000,$29.89,65,252
253,John Rabe,http://dummyimage.com/115x100.png/cc0000/ffffff,$26.46,40,253
254,Outbound (Periferic),http://dummyimage.com/168x100.png/5fa2dd/ffffff,$35.09,06,254
255,6 Souls (Shelter),http://dummyimage.com/130x100.png/ff4444/ffffff,$12.21,46,255
256,"Day The Earth Froze, The (Sampo)",http://dummyimage.com/137x100.png/cc0000/ffffff,$46.69,68,256
257,Jodhaa Akbar,http://dummyimage.com/193x100.png/dddddd/000000,$38.50,81,257
258,Water Lilies (Naissance des pieuvres),http://dummyimage.com/247x100.png/ff4444/ffffff,$19.83,37,258
259,Phantoms,http://dummyimage.com/238x100.png/cc0000/ffffff,$12.21,03,259
260,Motel Hell,http://dummyimage.com/246x100.png/5fa2dd/ffffff,$3.19,74,260
261,"Well Spent Life, A",http://dummyimage.com/162x100.png/ff4444/ffffff,$35.70,69,261
262,Tribute to a Bad Man,http://dummyimage.com/116x100.png/5fa2dd/ffffff,$4.56,47,262
263,L.A. Zombie,http://dummyimage.com/203x100.png/cc0000/ffffff,$18.94,99,263
264,Canon,http://dummyimage.com/238x100.png/ff4444/ffffff,$4.76,86,264
265,Action in the North Atlantic,http://dummyimage.com/100x100.png/ff4444/ffffff,$21.68,80,265
266,The Spiritual Boxer,http://dummyimage.com/170x100.png/dddddd/000000,$42.78,80,266
267,Alien Nation: The Enemy Within,http://dummyimage.com/154x100.png/5fa2dd/ffffff,$18.33,05,267
268,Sukiyaki Western Django,http://dummyimage.com/122x100.png/ff4444/ffffff,$32.44,31,268
269,Flash Point (a.k.a. Flashpoint) (Dou fo sin),http://dummyimage.com/149x100.png/ff4444/ffffff,$30.87,99,269
270,From Beyond,http://dummyimage.com/156x100.png/dddddd/000000,$47.08,55,270
271,Tora-san Our Lovable Tramp (Otoko wa tsurai yo),http://dummyimage.com/137x100.png/5fa2dd/ffffff,$21.16,60,271
272,Mystic River,http://dummyimage.com/124x100.png/dddddd/000000,$18.79,87,272
273,Game of Death,http://dummyimage.com/144x100.png/5fa2dd/ffffff,$45.65,46,273
274,Storage 24,http://dummyimage.com/198x100.png/dddddd/000000,$33.73,30,274
275,"Price Above Rubies, A",http://dummyimage.com/128x100.png/ff4444/ffffff,$45.01,35,275
276,"Merry Widow, The",http://dummyimage.com/227x100.png/dddddd/000000,$32.78,74,276
277,Lonesome,http://dummyimage.com/125x100.png/dddddd/000000,$31.92,02,277
278,"Lost Thing, The",http://dummyimage.com/192x100.png/dddddd/000000,$7.32,63,278
279,Odds Against Tomorrow,http://dummyimage.com/133x100.png/dddddd/000000,$32.83,18,279
280,Ghosts of the Abyss,http://dummyimage.com/159x100.png/cc0000/ffffff,$27.25,68,280
281,Snipes,http://dummyimage.com/152x100.png/5fa2dd/ffffff,$26.96,98,281
282,Dollman,http://dummyimage.com/184x100.png/dddddd/000000,$12.93,24,282
283,Tinker Bell and the Lost Treasure,http://dummyimage.com/180x100.png/ff4444/ffffff,$12.56,05,283
284,Low Life,http://dummyimage.com/111x100.png/cc0000/ffffff,$12.54,11,284
285,Wind with the Gone (El viento se llevó lo qué),http://dummyimage.com/232x100.png/cc0000/ffffff,$16.79,62,285
286,Fame High,http://dummyimage.com/248x100.png/ff4444/ffffff,$37.32,85,286
287,Adam Had Four Sons,http://dummyimage.com/218x100.png/ff4444/ffffff,$18.88,50,287
288,Murders in the Rue Morgue,http://dummyimage.com/111x100.png/cc0000/ffffff,$46.87,59,288
289,"Dead, The",http://dummyimage.com/103x100.png/dddddd/000000,$34.83,82,289
290,Siddhartha,http://dummyimage.com/129x100.png/dddddd/000000,$34.29,38,290
291,Hollow Point,http://dummyimage.com/210x100.png/5fa2dd/ffffff,$37.00,18,291
292,Üvegtigris,http://dummyimage.com/163x100.png/dddddd/000000,$25.59,62,292
293,Padre padrone,http://dummyimage.com/156x100.png/5fa2dd/ffffff,$1.12,83,293
294,Super Sucker,http://dummyimage.com/148x100.png/ff4444/ffffff,$33.72,73,294
295,Bulletproof,http://dummyimage.com/178x100.png/dddddd/000000,$38.43,35,295
296,Tom Horn,http://dummyimage.com/153x100.png/dddddd/000000,$10.13,50,296
297,"Perfect Couple, A",http://dummyimage.com/114x100.png/ff4444/ffffff,$9.07,61,297
298,Ghostbusters (a.k.a. Ghost Busters),http://dummyimage.com/160x100.png/dddddd/000000,$19.45,69,298
299,Love Crazy,http://dummyimage.com/146x100.png/5fa2dd/ffffff,$9.27,91,299
300,Reconstituirea (Reconstruction),http://dummyimage.com/110x100.png/cc0000/ffffff,$14.71,30,300
301,Under the Skin,http://dummyimage.com/104x100.png/ff4444/ffffff,$20.22,87,301
302,Somewhere Between,http://dummyimage.com/104x100.png/5fa2dd/ffffff,$24.30,64,302
303,"Color of Paradise, The (Rang-e khoda)",http://dummyimage.com/110x100.png/5fa2dd/ffffff,$3.17,73,303
304,A Walk in the Old City of Warsaw,http://dummyimage.com/101x100.png/dddddd/000000,$43.75,07,304
305,"Follow Me, Boys!",http://dummyimage.com/159x100.png/ff4444/ffffff,$30.00,56,305
306,"Man from Beyond, The",http://dummyimage.com/174x100.png/5fa2dd/ffffff,$41.95,36,306
307,Cabin Fever 2: Spring Fever,http://dummyimage.com/154x100.png/cc0000/ffffff,$47.45,27,307
308,"Cosmonaut, The",http://dummyimage.com/192x100.png/dddddd/000000,$33.51,33,308
309,Picture This,http://dummyimage.com/135x100.png/dddddd/000000,$5.84,11,309
310,Pax Americana and the Weaponization of Space,http://dummyimage.com/239x100.png/cc0000/ffffff,$0.90,87,310
311,Robinson Crusoe (Daniel Defoe's Robinson Crusoe),http://dummyimage.com/225x100.png/dddddd/000000,$38.34,63,311
312,The Search for Santa Paws,http://dummyimage.com/101x100.png/cc0000/ffffff,$13.52,04,312
313,Angela,http://dummyimage.com/160x100.png/ff4444/ffffff,$37.73,58,313
314,Drunken Angel (Yoidore tenshi),http://dummyimage.com/217x100.png/dddddd/000000,$33.15,81,314
315,Howling V: The Rebirth,http://dummyimage.com/166x100.png/cc0000/ffffff,$33.26,45,315
316,Inherit the Wind,http://dummyimage.com/214x100.png/ff4444/ffffff,$5.93,94,316
317,Dear Brigitte,http://dummyimage.com/176x100.png/5fa2dd/ffffff,$32.27,02,317
318,Miss Zombie,http://dummyimage.com/240x100.png/cc0000/ffffff,$45.32,42,318
319,"Woman In Berlin, A (Anonyma - Eine Frau in Berlin)",http://dummyimage.com/211x100.png/ff4444/ffffff,$12.78,13,319
320,License to Drive,http://dummyimage.com/165x100.png/ff4444/ffffff,$36.68,99,320
321,Gods and Generals,http://dummyimage.com/154x100.png/cc0000/ffffff,$12.60,09,321
322,The Incite Mill - 7 Day Death Game,http://dummyimage.com/228x100.png/5fa2dd/ffffff,$20.25,73,322
323,I Was Monty's Double,http://dummyimage.com/116x100.png/ff4444/ffffff,$12.57,51,323
324,Melody,http://dummyimage.com/174x100.png/ff4444/ffffff,$14.91,38,324
325,"Island, The",http://dummyimage.com/205x100.png/cc0000/ffffff,$2.86,80,325
326,Colossal Youth (Juventude Em Marcha),http://dummyimage.com/107x100.png/dddddd/000000,$14.36,51,326
327,Transmorphers,http://dummyimage.com/159x100.png/5fa2dd/ffffff,$4.85,18,327
328,"Man from Snowy River, The",http://dummyimage.com/223x100.png/5fa2dd/ffffff,$43.49,35,328
329,Naan Kadavul,http://dummyimage.com/204x100.png/dddddd/000000,$8.20,42,329
330,Of Freaks and Men (Pro urodov i lyudey),http://dummyimage.com/230x100.png/5fa2dd/ffffff,$0.85,39,330
331,The Hound of the Baskervilles,http://dummyimage.com/154x100.png/5fa2dd/ffffff,$38.32,05,331
332,"Pursuit of the Graf Spee (Battle of the River Plate, The)",http://dummyimage.com/167x100.png/dddddd/000000,$22.74,45,332
333,"Church, The (Chiesa, La)",http://dummyimage.com/129x100.png/cc0000/ffffff,$49.12,99,333
334,No Regrets for Our Youth (Waga seishun ni kuinashi),http://dummyimage.com/227x100.png/5fa2dd/ffffff,$1.73,00,334
335,Collision Earth,http://dummyimage.com/136x100.png/ff4444/ffffff,$14.82,32,335
336,Great World of Sound,http://dummyimage.com/199x100.png/ff4444/ffffff,$6.91,53,336
337,Hell Is for Heroes,http://dummyimage.com/233x100.png/cc0000/ffffff,$36.57,87,337
338,"Rise of Catherine the Great, The",http://dummyimage.com/191x100.png/ff4444/ffffff,$46.10,80,338
339,Stealing Home,http://dummyimage.com/246x100.png/ff4444/ffffff,$37.96,42,339
340,Shanghai,http://dummyimage.com/216x100.png/cc0000/ffffff,$0.34,47,340
341,Marooned in Iraq (Gomgashtei dar Aragh),http://dummyimage.com/223x100.png/dddddd/000000,$16.66,76,341
342,Flash Gordon's Trip to Mars,http://dummyimage.com/233x100.png/cc0000/ffffff,$49.67,92,342
343,Harakiri (Seppuku),http://dummyimage.com/218x100.png/5fa2dd/ffffff,$45.97,55,343
344,Gentlemen,http://dummyimage.com/146x100.png/dddddd/000000,$20.81,54,344
345,Love & Savagery,http://dummyimage.com/182x100.png/cc0000/ffffff,$47.39,98,345
346,Zombie Girl: The Movie,http://dummyimage.com/233x100.png/5fa2dd/ffffff,$30.72,76,346
347,A Smoky Mountain Christmas,http://dummyimage.com/112x100.png/cc0000/ffffff,$18.00,84,347
348,"Gingerbread Man, The",http://dummyimage.com/191x100.png/cc0000/ffffff,$28.99,43,348
349,The Underneath,http://dummyimage.com/179x100.png/ff4444/ffffff,$49.56,03,349
350,Matewan,http://dummyimage.com/130x100.png/5fa2dd/ffffff,$47.29,95,350
351,The Second Best Exotic Marigold Hotel,http://dummyimage.com/119x100.png/cc0000/ffffff,$47.35,20,351
352,"Moustache, La",http://dummyimage.com/166x100.png/dddddd/000000,$22.00,02,352
353,Easy to Love,http://dummyimage.com/136x100.png/5fa2dd/ffffff,$10.08,40,353
354,Monty Python: Almost the Truth - Lawyers Cut,http://dummyimage.com/109x100.png/cc0000/ffffff,$25.55,78,354
355,Waiting to Exhale,http://dummyimage.com/145x100.png/cc0000/ffffff,$23.50,77,355
356,"Facts of Life, The",http://dummyimage.com/122x100.png/dddddd/000000,$11.08,15,356
357,Funny Bones,http://dummyimage.com/233x100.png/ff4444/ffffff,$26.17,44,357
358,Overnight Delivery,http://dummyimage.com/122x100.png/ff4444/ffffff,$18.38,17,358
359,Trader Horn,http://dummyimage.com/143x100.png/ff4444/ffffff,$6.73,53,359
360,Antique (Sayangkoldong yangkwajajeom aentikeu),http://dummyimage.com/202x100.png/5fa2dd/ffffff,$34.45,95,360
361,"Unvanquished, The (Aparajito)",http://dummyimage.com/243x100.png/cc0000/ffffff,$39.11,45,361
362,Mega Piranha,http://dummyimage.com/204x100.png/ff4444/ffffff,$48.40,30,362
363,Married to It,http://dummyimage.com/168x100.png/5fa2dd/ffffff,$36.19,09,363
364,"Christmas Toy, The",http://dummyimage.com/216x100.png/ff4444/ffffff,$45.29,77,364
365,After the Wedding (Efter brylluppet),http://dummyimage.com/117x100.png/dddddd/000000,$27.22,67,365
366,The First Movie,http://dummyimage.com/174x100.png/cc0000/ffffff,$5.47,16,366
367,"Magdalene Sisters, The",http://dummyimage.com/225x100.png/dddddd/000000,$35.16,35,367
368,Peeping Tom,http://dummyimage.com/162x100.png/5fa2dd/ffffff,$0.20,35,368
369,Battlestar Galactica: Blood & Chrome,http://dummyimage.com/152x100.png/ff4444/ffffff,$0.12,95,369
370,"Lady Vanishes, The",http://dummyimage.com/159x100.png/dddddd/000000,$29.67,15,370
371,Man Facing Southeast (Hombre mirando al sudeste),http://dummyimage.com/187x100.png/dddddd/000000,$42.61,52,371
372,"Night Visitor, The",http://dummyimage.com/121x100.png/ff4444/ffffff,$5.55,07,372
373,Late Autumn (Man-choo),http://dummyimage.com/236x100.png/ff4444/ffffff,$32.92,59,373
374,"House with Laughing Windows, The (Casa dalle finestre che ridono, La)",http://dummyimage.com/246x100.png/ff4444/ffffff,$49.44,06,374
375,Superman Returns,http://dummyimage.com/231x100.png/5fa2dd/ffffff,$21.44,47,375
376,Kevin Smith: Burn in Hell,http://dummyimage.com/187x100.png/dddddd/000000,$17.56,01,376
377,Hunger,http://dummyimage.com/101x100.png/ff4444/ffffff,$41.58,96,377
378,"Star, The",http://dummyimage.com/178x100.png/ff4444/ffffff,$36.79,71,378
379,A Grain of Truth,http://dummyimage.com/181x100.png/dddddd/000000,$4.58,66,379
380,Scarlet Street,http://dummyimage.com/207x100.png/5fa2dd/ffffff,$46.22,10,380
381,Burglar,http://dummyimage.com/161x100.png/dddddd/000000,$9.80,90,381
382,Public Access,http://dummyimage.com/244x100.png/cc0000/ffffff,$17.36,57,382
383,I Am Comic,http://dummyimage.com/122x100.png/dddddd/000000,$44.07,77,383
384,Unknown White Male,http://dummyimage.com/189x100.png/5fa2dd/ffffff,$18.77,38,384
385,"Chance of a Lifetime, The",http://dummyimage.com/112x100.png/ff4444/ffffff,$42.11,61,385
386,Miracle Mile,http://dummyimage.com/248x100.png/ff4444/ffffff,$17.15,18,386
387,Gabriela,http://dummyimage.com/231x100.png/cc0000/ffffff,$22.24,11,387
388,Plastic,http://dummyimage.com/127x100.png/5fa2dd/ffffff,$48.64,94,388
389,"Wooden Man's Bride, The (Yan shen)",http://dummyimage.com/153x100.png/dddddd/000000,$0.78,97,389
390,First Descent,http://dummyimage.com/248x100.png/ff4444/ffffff,$47.41,83,390
391,Family Guy Presents: It's a Trap,http://dummyimage.com/231x100.png/cc0000/ffffff,$39.03,85,391
392,Bernard and Doris,http://dummyimage.com/187x100.png/cc0000/ffffff,$31.78,99,392
393,"Midsummer Night's Sex Comedy, A",http://dummyimage.com/156x100.png/dddddd/000000,$0.52,98,393
394,To Rome with Love,http://dummyimage.com/164x100.png/dddddd/000000,$25.08,69,394
395,Kiss of the Spider Woman,http://dummyimage.com/192x100.png/cc0000/ffffff,$2.76,24,395
396,Red Obession,http://dummyimage.com/152x100.png/dddddd/000000,$23.47,25,396
397,Whisky Galore,http://dummyimage.com/237x100.png/cc0000/ffffff,$40.76,49,397
398,"State of Things, The (Stand der Dinge, Der)",http://dummyimage.com/179x100.png/dddddd/000000,$49.34,65,398
399,Murph: The Protector,http://dummyimage.com/144x100.png/cc0000/ffffff,$19.54,06,399
400,Bey Yaar,http://dummyimage.com/155x100.png/5fa2dd/ffffff,$44.03,90,400
401,"Damned, The (La Caduta degli dei)",http://dummyimage.com/192x100.png/ff4444/ffffff,$34.35,16,401
402,Resistance,http://dummyimage.com/139x100.png/cc0000/ffffff,$42.19,75,402
403,"Armstrong Lie, The",http://dummyimage.com/171x100.png/5fa2dd/ffffff,$0.21,52,403
404,Altman,http://dummyimage.com/118x100.png/cc0000/ffffff,$26.86,30,404
405,Fur: An Imaginary Portrait of Diane Arbus,http://dummyimage.com/211x100.png/cc0000/ffffff,$1.40,81,405
406,"Dead Hate the Living!, The",http://dummyimage.com/158x100.png/ff4444/ffffff,$18.64,11,406
407,Julia,http://dummyimage.com/218x100.png/5fa2dd/ffffff,$39.70,24,407
408,Comanche Territory (Territorio comanche),http://dummyimage.com/114x100.png/dddddd/000000,$40.74,18,408
409,Simple Simon (I rymden finns inga känslor),http://dummyimage.com/220x100.png/dddddd/000000,$18.40,58,409
410,Tension,http://dummyimage.com/234x100.png/cc0000/ffffff,$20.58,07,410
411,Azur & Asmar (Azur et Asmar),http://dummyimage.com/129x100.png/ff4444/ffffff,$13.83,94,411
412,Soft Toilet Seats,http://dummyimage.com/125x100.png/ff4444/ffffff,$5.68,76,412
413,"Lamp in the Dark; The Untold History of the Bible, A",http://dummyimage.com/182x100.png/cc0000/ffffff,$10.14,81,413
414,"...All the Marbles (California Dolls, The)",http://dummyimage.com/181x100.png/ff4444/ffffff,$45.46,04,414
415,Three (a.k.a. 3 Extremes II) (Saam gaang),http://dummyimage.com/176x100.png/ff4444/ffffff,$28.83,86,415
416,Conan the Barbarian,http://dummyimage.com/244x100.png/5fa2dd/ffffff,$47.79,57,416
417,Drunks,http://dummyimage.com/221x100.png/5fa2dd/ffffff,$22.68,09,417
418,There Will Be No Leave Today (Segodnya uvolneniya ne budet),http://dummyimage.com/184x100.png/ff4444/ffffff,$5.62,43,418
419,Leatherface: Texas Chainsaw Massacre III,http://dummyimage.com/154x100.png/5fa2dd/ffffff,$26.89,26,419
420,"Lucía, Lucía (Hija del caníbal, La)",http://dummyimage.com/112x100.png/5fa2dd/ffffff,$3.98,83,420
421,Doogal,http://dummyimage.com/122x100.png/5fa2dd/ffffff,$33.87,60,421
422,Den enskilde medborgaren,http://dummyimage.com/229x100.png/dddddd/000000,$9.92,31,422
423,"Girlfriend Experience, The",http://dummyimage.com/223x100.png/5fa2dd/ffffff,$39.85,30,423
424,Raajneeti,http://dummyimage.com/180x100.png/5fa2dd/ffffff,$0.98,89,424
425,The Road to Glory,http://dummyimage.com/221x100.png/cc0000/ffffff,$2.27,05,425
426,Moscow on the Hudson,http://dummyimage.com/219x100.png/5fa2dd/ffffff,$26.06,59,426
427,The Feminine Touch,http://dummyimage.com/224x100.png/ff4444/ffffff,$21.38,45,427
428,Arnold,http://dummyimage.com/206x100.png/cc0000/ffffff,$28.53,81,428
429,"Rum Diary, The",http://dummyimage.com/118x100.png/5fa2dd/ffffff,$11.43,53,429
430,Bananaz,http://dummyimage.com/247x100.png/dddddd/000000,$49.54,56,430
431,My Mother Likes Women (A mi madre le gustan las mujeres),http://dummyimage.com/143x100.png/ff4444/ffffff,$9.45,15,431
432,My Winnipeg,http://dummyimage.com/161x100.png/dddddd/000000,$2.52,45,432
433,Switching Goals,http://dummyimage.com/216x100.png/cc0000/ffffff,$5.96,64,433
434,Multiplicity,http://dummyimage.com/111x100.png/dddddd/000000,$49.17,46,434
435,Passing Strange,http://dummyimage.com/212x100.png/cc0000/ffffff,$24.87,07,435
436,Sarah Silverman: Jesus Is Magic,http://dummyimage.com/172x100.png/cc0000/ffffff,$48.77,41,436
437,London,http://dummyimage.com/186x100.png/5fa2dd/ffffff,$2.67,59,437
438,"Man and a Woman, A (Un homme et une femme)",http://dummyimage.com/143x100.png/cc0000/ffffff,$37.20,45,438
439,"Kiss, The",http://dummyimage.com/102x100.png/dddddd/000000,$15.87,76,439
440,My Way Home (Így jöttem) ,http://dummyimage.com/223x100.png/5fa2dd/ffffff,$6.10,59,440
441,The Strange Affair,http://dummyimage.com/173x100.png/dddddd/000000,$16.15,90,441
442,Barren Lives (Vidas Secas),http://dummyimage.com/195x100.png/5fa2dd/ffffff,$4.23,99,442
443,Emperor of the North (Emperor of the North Pole),http://dummyimage.com/108x100.png/5fa2dd/ffffff,$2.63,28,443
444,I Accuse,http://dummyimage.com/198x100.png/dddddd/000000,$14.70,06,444
445,The Five Man Army,http://dummyimage.com/181x100.png/cc0000/ffffff,$29.54,38,445
446,Moscow Does Not Believe in Tears (Moskva slezam ne verit),http://dummyimage.com/181x100.png/ff4444/ffffff,$43.80,14,446
447,What Ever Happened to Baby Jane?,http://dummyimage.com/172x100.png/cc0000/ffffff,$37.52,70,447
448,Sometime in August (Mitte Ende August),http://dummyimage.com/210x100.png/5fa2dd/ffffff,$16.44,58,448
449,54,http://dummyimage.com/100x100.png/dddddd/000000,$34.73,85,449
450,Sabah,http://dummyimage.com/160x100.png/cc0000/ffffff,$40.53,30,450
451,Daniel Deronda,http://dummyimage.com/112x100.png/cc0000/ffffff,$36.79,43,451
452,"Hunted, The",http://dummyimage.com/246x100.png/cc0000/ffffff,$21.05,29,452
453,Rough Magic,http://dummyimage.com/116x100.png/ff4444/ffffff,$1.22,21,453
454,Week-End in Havana,http://dummyimage.com/159x100.png/ff4444/ffffff,$12.41,84,454
455,Versailles,http://dummyimage.com/128x100.png/dddddd/000000,$4.72,96,455
456,Project Moon Base,http://dummyimage.com/160x100.png/cc0000/ffffff,$39.89,71,456
457,Youngblood,http://dummyimage.com/136x100.png/ff4444/ffffff,$7.01,93,457
458,The Widow From Chicago,http://dummyimage.com/188x100.png/5fa2dd/ffffff,$22.96,47,458
459,"Tomorrow, When the War Began",http://dummyimage.com/127x100.png/ff4444/ffffff,$16.87,37,459
460,"Bridge, The (Brücke, Die)",http://dummyimage.com/129x100.png/5fa2dd/ffffff,$42.32,23,460
461,Fantastic Mr. Fox,http://dummyimage.com/231x100.png/dddddd/000000,$31.52,36,461
462,PCU,http://dummyimage.com/149x100.png/ff4444/ffffff,$12.25,15,462
463,Camarón: When Flamenco Became Legend,http://dummyimage.com/237x100.png/ff4444/ffffff,$36.86,93,463
464,Shall We Kiss? (Un baiser s'il vous plait),http://dummyimage.com/223x100.png/5fa2dd/ffffff,$37.24,01,464
465,"Change-Up, The",http://dummyimage.com/146x100.png/ff4444/ffffff,$27.02,34,465
466,Bad Boys II,http://dummyimage.com/194x100.png/ff4444/ffffff,$23.65,19,466
467,Ghosts of Cité Soleil,http://dummyimage.com/243x100.png/5fa2dd/ffffff,$14.97,29,467
468,Brotherhood,http://dummyimage.com/215x100.png/ff4444/ffffff,$2.75,78,468
469,"Fountainhead, The",http://dummyimage.com/108x100.png/5fa2dd/ffffff,$27.47,24,469
470,Pope Joan (Die Päpstin),http://dummyimage.com/170x100.png/5fa2dd/ffffff,$45.42,24,470
471,Troll,http://dummyimage.com/127x100.png/cc0000/ffffff,$19.18,22,471
472,Informant,http://dummyimage.com/149x100.png/5fa2dd/ffffff,$45.95,83,472
473,The Secret of Dr. Kildare,http://dummyimage.com/197x100.png/cc0000/ffffff,$15.79,31,473
474,A Man Called Magnum,http://dummyimage.com/191x100.png/ff4444/ffffff,$35.98,08,474
475,Wrongfully Accused,http://dummyimage.com/107x100.png/ff4444/ffffff,$24.64,88,475
476,Survival Quest,http://dummyimage.com/204x100.png/5fa2dd/ffffff,$18.74,78,476
477,Tales of Terror,http://dummyimage.com/146x100.png/5fa2dd/ffffff,$31.99,94,477
478,Hard Times,http://dummyimage.com/161x100.png/dddddd/000000,$42.16,94,478
479,Deadly Blessing,http://dummyimage.com/204x100.png/5fa2dd/ffffff,$41.56,42,479
480,My Best Friend (Mon meilleur ami),http://dummyimage.com/167x100.png/ff4444/ffffff,$36.61,98,480
481,The New Girlfriend,http://dummyimage.com/112x100.png/cc0000/ffffff,$15.17,35,481
482,Ronja Robbersdaughter (Ronja Rövardotter),http://dummyimage.com/186x100.png/cc0000/ffffff,$38.22,38,482
483,Ashes of Time (Dung che sai duk),http://dummyimage.com/240x100.png/cc0000/ffffff,$46.29,04,483
484,Pandemonium,http://dummyimage.com/106x100.png/ff4444/ffffff,$5.80,59,484
485,Household Saints,http://dummyimage.com/132x100.png/cc0000/ffffff,$18.42,46,485
486,"Myth of Fingerprints, The",http://dummyimage.com/247x100.png/5fa2dd/ffffff,$13.21,71,486
487,Edge of Tomorrow,http://dummyimage.com/168x100.png/ff4444/ffffff,$19.34,06,487
488,Angela's Ashes,http://dummyimage.com/176x100.png/dddddd/000000,$43.48,81,488
489,"Crow, The: Wicked Prayer",http://dummyimage.com/243x100.png/cc0000/ffffff,$45.18,03,489
490,Stromberg - Der Film,http://dummyimage.com/159x100.png/ff4444/ffffff,$2.94,40,490
491,Battle for Brooklyn,http://dummyimage.com/111x100.png/cc0000/ffffff,$9.42,58,491
492,Super Size Me,http://dummyimage.com/133x100.png/cc0000/ffffff,$39.18,30,492
493,Takva: A Man's Fear of God,http://dummyimage.com/109x100.png/5fa2dd/ffffff,$31.13,21,493
494,I've Loved You So Long (Il y a longtemps que je t'aime),http://dummyimage.com/160x100.png/ff4444/ffffff,$16.58,49,494
495,Police,http://dummyimage.com/103x100.png/5fa2dd/ffffff,$8.24,85,495
496,7 Seconds,http://dummyimage.com/109x100.png/dddddd/000000,$37.94,00,496
497,Threesome,http://dummyimage.com/145x100.png/ff4444/ffffff,$27.12,02,497
498,Out of the Ashes,http://dummyimage.com/199x100.png/5fa2dd/ffffff,$17.15,12,498
499,Asterix and the Gauls (Astérix le Gaulois),http://dummyimage.com/111x100.png/ff4444/ffffff,$25.77,82,499
500,Rise of the Planet of the Apes,http://dummyimage.com/210x100.png/dddddd/000000,$31.74,39,500
501,Phone (Pon),http://dummyimage.com/174x100.png/dddddd/000000,$45.19,42,501
502,Flying Down to Rio,http://dummyimage.com/241x100.png/ff4444/ffffff,$34.24,57,502
503,Village People Radio Show (Apa khabar orang kampung),http://dummyimage.com/173x100.png/dddddd/000000,$1.58,10,503
504,Not My Type,http://dummyimage.com/112x100.png/cc0000/ffffff,$38.76,17,504
505,12 Years a Slave,http://dummyimage.com/194x100.png/dddddd/000000,$34.90,72,505
506,Tulsa,http://dummyimage.com/114x100.png/dddddd/000000,$15.09,42,506
507,Gorilla at Large,http://dummyimage.com/137x100.png/5fa2dd/ffffff,$33.40,30,507
508,A Smoky Mountain Christmas,http://dummyimage.com/144x100.png/dddddd/000000,$35.49,98,508
509,Joshua,http://dummyimage.com/149x100.png/ff4444/ffffff,$26.51,65,509
510,"Curse of the Hedgehog, The (Blestemul ariciului)",http://dummyimage.com/243x100.png/cc0000/ffffff,$37.56,71,510
511,American Dreamz,http://dummyimage.com/127x100.png/ff4444/ffffff,$38.74,88,511
512,Voodoo Tiger,http://dummyimage.com/102x100.png/5fa2dd/ffffff,$36.53,03,512
513,It Came from Hollywood,http://dummyimage.com/162x100.png/5fa2dd/ffffff,$22.18,17,513
514,"Shaggy D.A., The",http://dummyimage.com/220x100.png/5fa2dd/ffffff,$43.97,84,514
515,Viva Max!,http://dummyimage.com/181x100.png/ff4444/ffffff,$15.54,09,515
516,"Theory of Everything, The",http://dummyimage.com/198x100.png/5fa2dd/ffffff,$5.00,23,516
517,Tom Horn,http://dummyimage.com/225x100.png/ff4444/ffffff,$6.29,32,517
518,The Green,http://dummyimage.com/145x100.png/5fa2dd/ffffff,$8.29,91,518
519,"Night at the Roxbury, A",http://dummyimage.com/130x100.png/5fa2dd/ffffff,$32.46,33,519
520,Made in Britain,http://dummyimage.com/230x100.png/dddddd/000000,$12.46,36,520
521,I am Von Höfler (Variation on Werther - Private Hungary 15),http://dummyimage.com/219x100.png/5fa2dd/ffffff,$18.04,14,521
522,Most Wanted,http://dummyimage.com/182x100.png/ff4444/ffffff,$12.97,14,522
523,Breakout,http://dummyimage.com/108x100.png/5fa2dd/ffffff,$23.35,39,523
524,12 Angry Men,http://dummyimage.com/163x100.png/cc0000/ffffff,$28.89,06,524
525,Very Happy Alexander (Alexandre le bienheureux),http://dummyimage.com/194x100.png/ff4444/ffffff,$13.25,41,525
526,Someone's Gaze,http://dummyimage.com/108x100.png/cc0000/ffffff,$16.79,55,526
527,Nico and Dani (Krámpack),http://dummyimage.com/239x100.png/ff4444/ffffff,$9.79,47,527
528,Trouble the Water,http://dummyimage.com/153x100.png/dddddd/000000,$27.00,87,528
529,Dischord,http://dummyimage.com/101x100.png/dddddd/000000,$8.26,49,529
530,Young Man with a Horn,http://dummyimage.com/175x100.png/ff4444/ffffff,$3.80,99,530
531,"Thief Lord, The",http://dummyimage.com/107x100.png/dddddd/000000,$2.25,24,531
532,Cartouche,http://dummyimage.com/144x100.png/cc0000/ffffff,$2.19,65,532
533,"ABCs of Death, The",http://dummyimage.com/109x100.png/ff4444/ffffff,$44.84,90,533
534,"Kiss Me, Guido",http://dummyimage.com/237x100.png/cc0000/ffffff,$14.27,69,534
535,"House on Carroll Street, The",http://dummyimage.com/190x100.png/5fa2dd/ffffff,$14.71,64,535
536,Across the Sea of Time,http://dummyimage.com/171x100.png/ff4444/ffffff,$41.07,78,536
537,"Ghostmaker, The (Box of Shadows)",http://dummyimage.com/164x100.png/5fa2dd/ffffff,$14.17,93,537
538,"Hustlers, The (Veijarit)",http://dummyimage.com/105x100.png/dddddd/000000,$46.86,29,538
539,Alan Partridge: Alpha Papa,http://dummyimage.com/233x100.png/cc0000/ffffff,$44.94,07,539
540,Mothra (Mosura),http://dummyimage.com/105x100.png/dddddd/000000,$19.39,17,540
541,"Klansman, The",http://dummyimage.com/237x100.png/5fa2dd/ffffff,$38.34,25,541
542,Stations of the Cross,http://dummyimage.com/153x100.png/5fa2dd/ffffff,$12.33,05,542
543,Upside Down: The Creation Records Story,http://dummyimage.com/199x100.png/5fa2dd/ffffff,$10.03,00,543
544,"Boys: The Sherman Brothers' Story, The",http://dummyimage.com/114x100.png/ff4444/ffffff,$29.39,71,544
545,Loverboy,http://dummyimage.com/104x100.png/ff4444/ffffff,$11.44,27,545
546,McLibel,http://dummyimage.com/104x100.png/dddddd/000000,$18.64,41,546
547,Heat and Dust,http://dummyimage.com/239x100.png/5fa2dd/ffffff,$41.43,08,547
548,"Jungo Goes Bananas: Jungo III (Jungledyret Hugo: Fræk, flabet og fri)",http://dummyimage.com/110x100.png/dddddd/000000,$9.86,06,548
549,Dragon Eyes,http://dummyimage.com/100x100.png/ff4444/ffffff,$32.18,17,549
550,"Other F Word, The",http://dummyimage.com/248x100.png/5fa2dd/ffffff,$40.66,08,550
551,Guelwaar,http://dummyimage.com/183x100.png/cc0000/ffffff,$33.45,53,551
552,Tarnation,http://dummyimage.com/215x100.png/dddddd/000000,$48.36,49,552
553,Love at the Top,http://dummyimage.com/240x100.png/cc0000/ffffff,$45.82,07,553
554,"Painted Veil, The",http://dummyimage.com/150x100.png/cc0000/ffffff,$31.42,00,554
555,Willie & Phil,http://dummyimage.com/191x100.png/cc0000/ffffff,$41.70,89,555
556,Slacker 2011,http://dummyimage.com/106x100.png/5fa2dd/ffffff,$14.58,92,556
557,3 Bad Men,http://dummyimage.com/147x100.png/cc0000/ffffff,$28.57,50,557
558,Heartbreak Ridge,http://dummyimage.com/181x100.png/5fa2dd/ffffff,$16.69,41,558
559,Dead Awake,http://dummyimage.com/207x100.png/ff4444/ffffff,$44.46,48,559
560,Twilight,http://dummyimage.com/176x100.png/cc0000/ffffff,$40.50,75,560
561,"Nada Gang, The (Nada)",http://dummyimage.com/191x100.png/5fa2dd/ffffff,$14.64,00,561
562,"Meteor Man, The",http://dummyimage.com/141x100.png/cc0000/ffffff,$41.76,03,562
563,"Signal, The (Señal, La)",http://dummyimage.com/187x100.png/dddddd/000000,$33.40,93,563
564,"Ape, The",http://dummyimage.com/190x100.png/ff4444/ffffff,$25.05,18,564
565,"Crimson Petal and the White, The",http://dummyimage.com/190x100.png/ff4444/ffffff,$8.79,60,565
566,Hellsinki (Rööperi),http://dummyimage.com/222x100.png/cc0000/ffffff,$45.94,17,566
567,Batman Returns,http://dummyimage.com/188x100.png/ff4444/ffffff,$9.17,49,567
568,"Killings at Outpost Zeta, The",http://dummyimage.com/137x100.png/5fa2dd/ffffff,$9.69,35,568
569,Goodbye Lover,http://dummyimage.com/156x100.png/dddddd/000000,$39.70,86,569
570,The Living Idol,http://dummyimage.com/232x100.png/dddddd/000000,$20.04,66,570
571,"Rich, Young and Pretty",http://dummyimage.com/194x100.png/dddddd/000000,$7.34,45,571
572,Scott Joplin,http://dummyimage.com/118x100.png/ff4444/ffffff,$32.23,95,572
573,Damn Yankees!,http://dummyimage.com/193x100.png/cc0000/ffffff,$27.91,80,573
574,Enlightenment Guaranteed (Erleuchtung Garantiert),http://dummyimage.com/154x100.png/cc0000/ffffff,$36.61,51,574
575,Thampu,http://dummyimage.com/208x100.png/ff4444/ffffff,$23.25,24,575
576,"Boys: The Sherman Brothers' Story, The",http://dummyimage.com/157x100.png/ff4444/ffffff,$35.86,75,576
577,"House I Live In, The",http://dummyimage.com/153x100.png/cc0000/ffffff,$48.19,40,577
578,Little Caesar,http://dummyimage.com/119x100.png/5fa2dd/ffffff,$43.35,66,578
579,Jail Bait,http://dummyimage.com/230x100.png/dddddd/000000,$34.66,02,579
580,Winnie the Pooh and the Blustery Day,http://dummyimage.com/116x100.png/ff4444/ffffff,$24.36,17,580
581,"Take Care of Your Scarf, Tatiana (Pidä huivista kiinni, Tatjana)",http://dummyimage.com/153x100.png/5fa2dd/ffffff,$3.16,03,581
582,Phantom of the Paradise,http://dummyimage.com/236x100.png/ff4444/ffffff,$6.71,17,582
583,American Pastime,http://dummyimage.com/141x100.png/dddddd/000000,$14.91,18,583
584,Staying Alive,http://dummyimage.com/210x100.png/ff4444/ffffff,$45.94,10,584
585,Freedomland,http://dummyimage.com/154x100.png/5fa2dd/ffffff,$6.95,77,585
586,Blinkity Blank,http://dummyimage.com/161x100.png/ff4444/ffffff,$28.61,62,586
587,Deconstructing Harry,http://dummyimage.com/177x100.png/ff4444/ffffff,$29.41,64,587
588,The Bronze,http://dummyimage.com/128x100.png/cc0000/ffffff,$30.69,44,588
589,Eye of God,http://dummyimage.com/181x100.png/ff4444/ffffff,$4.99,26,589
590,My Date with Drew,http://dummyimage.com/227x100.png/dddddd/000000,$42.20,41,590
591,In the Army Now,http://dummyimage.com/134x100.png/ff4444/ffffff,$39.36,59,591
592,I Now Pronounce You Chuck and Larry,http://dummyimage.com/143x100.png/ff4444/ffffff,$38.12,49,592
593,Gotti,http://dummyimage.com/146x100.png/cc0000/ffffff,$9.64,00,593
594,Crimson Gold (Talaye sorgh),http://dummyimage.com/145x100.png/ff4444/ffffff,$42.09,00,594
595,"Drowning Pool, The",http://dummyimage.com/160x100.png/5fa2dd/ffffff,$25.44,01,595
596,Brutal Beauty: Tales of the Rose City Rollers,http://dummyimage.com/119x100.png/5fa2dd/ffffff,$40.06,25,596
597,M. Butterfly,http://dummyimage.com/172x100.png/cc0000/ffffff,$8.98,51,597
598,"Fortune Cookie, The",http://dummyimage.com/209x100.png/cc0000/ffffff,$38.28,26,598
599,How I Got Into College,http://dummyimage.com/157x100.png/dddddd/000000,$35.94,55,599
600,13Hrs,http://dummyimage.com/228x100.png/dddddd/000000,$23.64,11,600
601,"Wedding Night, The",http://dummyimage.com/220x100.png/5fa2dd/ffffff,$1.14,98,601
602,Navajo Joe,http://dummyimage.com/245x100.png/ff4444/ffffff,$48.01,03,602
603,Aprile,http://dummyimage.com/213x100.png/5fa2dd/ffffff,$16.22,82,603
604,"Hey, Hey, It's Esther Blueburger",http://dummyimage.com/203x100.png/5fa2dd/ffffff,$34.57,86,604
605,"Curse, The (a.k.a. The Farm)",http://dummyimage.com/154x100.png/5fa2dd/ffffff,$41.11,81,605
606,"Canterville Ghost, The",http://dummyimage.com/167x100.png/ff4444/ffffff,$5.80,44,606
607,Let No Man Write My Epitaph,http://dummyimage.com/215x100.png/cc0000/ffffff,$13.33,21,607
608,"Wheeler Dealers, The",http://dummyimage.com/159x100.png/ff4444/ffffff,$28.32,69,608
609,"Naughty Room, The",http://dummyimage.com/147x100.png/dddddd/000000,$11.40,56,609
610,Love in Bloom,http://dummyimage.com/137x100.png/5fa2dd/ffffff,$36.50,82,610
611,The Hearts of Age,http://dummyimage.com/226x100.png/5fa2dd/ffffff,$0.27,64,611
612,"Station, The (Blutgletscher)",http://dummyimage.com/110x100.png/cc0000/ffffff,$32.40,52,612
613,Revolutionary Girl Utena: Adolescence of Utena (a.k.a. Revolutionary Girl Utena the Movie) (Shoujo kakumei Utena: Adolescence mokushiroku),http://dummyimage.com/237x100.png/cc0000/ffffff,$5.03,59,613
614,WW III: World War III (Der 3. Weltkrieg),http://dummyimage.com/249x100.png/5fa2dd/ffffff,$12.67,10,614
615,Johnny Express,http://dummyimage.com/100x100.png/dddddd/000000,$23.24,06,615
616,"Winged Migration (Peuple migrateur, Le)",http://dummyimage.com/232x100.png/5fa2dd/ffffff,$44.28,27,616
617,Hannah and Her Sisters,http://dummyimage.com/147x100.png/ff4444/ffffff,$30.92,63,617
618,South of the Border,http://dummyimage.com/231x100.png/ff4444/ffffff,$0.79,03,618
619,Red Sorghum (Hong gao liang),http://dummyimage.com/222x100.png/5fa2dd/ffffff,$20.13,03,619
620,8 Mile,http://dummyimage.com/205x100.png/5fa2dd/ffffff,$9.52,30,620
621,Open Season,http://dummyimage.com/106x100.png/cc0000/ffffff,$4.63,93,621
622,Lovesick,http://dummyimage.com/197x100.png/ff4444/ffffff,$33.79,68,622
623,Arn: The Kingdom at Road's End (Arn: Riket vid vägens slut),http://dummyimage.com/147x100.png/dddddd/000000,$7.76,34,623
624,Peanuts - Die Bank zahlt alles,http://dummyimage.com/232x100.png/5fa2dd/ffffff,$1.20,88,624
625,Shuttle,http://dummyimage.com/204x100.png/dddddd/000000,$41.24,46,625
626,"Common Man, A",http://dummyimage.com/100x100.png/ff4444/ffffff,$6.22,52,626
627,Pianomania,http://dummyimage.com/155x100.png/5fa2dd/ffffff,$11.49,18,627
628,Deadline,http://dummyimage.com/192x100.png/dddddd/000000,$20.06,73,628
629,Gray's Anatomy,http://dummyimage.com/194x100.png/5fa2dd/ffffff,$32.80,98,629
630,Home Before Dark,http://dummyimage.com/184x100.png/cc0000/ffffff,$35.13,38,630
631,Sex Positive,http://dummyimage.com/164x100.png/dddddd/000000,$0.34,94,631
632,Beastmaster 2: Through the Portal of Time,http://dummyimage.com/247x100.png/dddddd/000000,$39.25,30,632
633,13,http://dummyimage.com/119x100.png/5fa2dd/ffffff,$31.82,02,633
634,Mammuth,http://dummyimage.com/241x100.png/ff4444/ffffff,$13.00,96,634
635,India Song,http://dummyimage.com/142x100.png/dddddd/000000,$24.49,05,635
636,The Hire: Beat the Devil,http://dummyimage.com/200x100.png/ff4444/ffffff,$21.93,91,636
637,Sniper: Reloaded ,http://dummyimage.com/173x100.png/cc0000/ffffff,$8.77,51,637
638,Outbound (Periferic),http://dummyimage.com/211x100.png/ff4444/ffffff,$27.40,22,638
639,Unfinished Business,http://dummyimage.com/111x100.png/dddddd/000000,$41.17,42,639
640,'Twas the Night Before Christmas,http://dummyimage.com/138x100.png/dddddd/000000,$16.05,95,640
641,Sleep with Me,http://dummyimage.com/164x100.png/5fa2dd/ffffff,$36.38,95,641
642,Svampe,http://dummyimage.com/226x100.png/5fa2dd/ffffff,$13.66,82,642
643,"Captive, The (La captive)",http://dummyimage.com/148x100.png/cc0000/ffffff,$23.23,77,643
644,Vivien Leigh: Scarlett and Beyond,http://dummyimage.com/159x100.png/cc0000/ffffff,$14.13,36,644
645,Don,http://dummyimage.com/140x100.png/cc0000/ffffff,$9.13,71,645
646,Absentia,http://dummyimage.com/161x100.png/5fa2dd/ffffff,$29.35,70,646
647,Many Rivers to Cross,http://dummyimage.com/237x100.png/dddddd/000000,$1.83,92,647
648,Godzilla vs. Mothra (Mosura tai Gojira),http://dummyimage.com/163x100.png/dddddd/000000,$15.22,62,648
649,Samurai Rebellion (Jôi-uchi: Hairyô tsuma shimatsu),http://dummyimage.com/222x100.png/cc0000/ffffff,$21.02,01,649
650,Four Days in July,http://dummyimage.com/223x100.png/dddddd/000000,$24.60,32,650
651,Virtuality,http://dummyimage.com/143x100.png/5fa2dd/ffffff,$14.80,40,651
652,"Big, Large and Verdone",http://dummyimage.com/236x100.png/ff4444/ffffff,$31.13,59,652
653,City Hall,http://dummyimage.com/136x100.png/dddddd/000000,$2.94,67,653
654,"Smurfs 2, The",http://dummyimage.com/197x100.png/ff4444/ffffff,$47.82,99,654
655,Slither,http://dummyimage.com/113x100.png/dddddd/000000,$2.84,94,655
656,Seven Psychopaths,http://dummyimage.com/195x100.png/dddddd/000000,$42.81,29,656
657,"Living Desert, The",http://dummyimage.com/112x100.png/cc0000/ffffff,$8.55,79,657
658,"Pagemaster, The",http://dummyimage.com/191x100.png/dddddd/000000,$1.45,57,658
659,"Magic Christmas Tree, The",http://dummyimage.com/146x100.png/cc0000/ffffff,$45.71,65,659
660,Escape Me Never,http://dummyimage.com/154x100.png/cc0000/ffffff,$11.95,24,660
661,Playing for Keeps,http://dummyimage.com/185x100.png/5fa2dd/ffffff,$49.43,59,661
662,Lady in the Water,http://dummyimage.com/127x100.png/ff4444/ffffff,$45.22,77,662
663,Pulse (Kairo),http://dummyimage.com/246x100.png/5fa2dd/ffffff,$3.21,96,663
664,"Chameleon, The ",http://dummyimage.com/110x100.png/dddddd/000000,$48.81,07,664
665,"Last Remake of Beau Geste, The",http://dummyimage.com/164x100.png/5fa2dd/ffffff,$36.05,69,665
666,"Padrecito, El (Little Priest)",http://dummyimage.com/142x100.png/dddddd/000000,$30.65,25,666
667,Israeli Intelligence (Hamosad Hasagur),http://dummyimage.com/140x100.png/dddddd/000000,$37.15,35,667
668,Newlyweds,http://dummyimage.com/167x100.png/cc0000/ffffff,$6.85,17,668
669,Clara's Heart,http://dummyimage.com/196x100.png/ff4444/ffffff,$15.10,99,669
670,Kika,http://dummyimage.com/146x100.png/5fa2dd/ffffff,$41.57,15,670
671,I Dreamed of Africa,http://dummyimage.com/132x100.png/5fa2dd/ffffff,$36.78,35,671
672,Silent Partner,http://dummyimage.com/228x100.png/5fa2dd/ffffff,$49.82,08,672
673,Belarmino,http://dummyimage.com/249x100.png/cc0000/ffffff,$23.90,49,673
674,33 Postcards,http://dummyimage.com/120x100.png/dddddd/000000,$29.61,59,674
675,To the Wonder,http://dummyimage.com/236x100.png/ff4444/ffffff,$19.66,08,675
676,Ants in the Pants 2,http://dummyimage.com/153x100.png/5fa2dd/ffffff,$45.34,19,676
677,Extraction,http://dummyimage.com/189x100.png/cc0000/ffffff,$4.84,62,677
678,Noah's Ark,http://dummyimage.com/141x100.png/cc0000/ffffff,$35.16,70,678
679,My Dear Enemy (Meotjin haru),http://dummyimage.com/150x100.png/dddddd/000000,$9.22,61,679
680,Dear Jesse,http://dummyimage.com/104x100.png/ff4444/ffffff,$23.33,55,680
681,"Sudden Wealth of the Poor People of Kombach, The (Der plötzliche Reichtum der armen Leute von Kombach)",http://dummyimage.com/243x100.png/cc0000/ffffff,$29.33,27,681
682,"Promoter, The (Card, The)",http://dummyimage.com/174x100.png/cc0000/ffffff,$10.08,29,682
683,"New Barbarians, The (I nuovi barbari)",http://dummyimage.com/107x100.png/cc0000/ffffff,$40.82,40,683
684,Death Hunt,http://dummyimage.com/230x100.png/ff4444/ffffff,$13.91,81,684
685,Get Bruce,http://dummyimage.com/189x100.png/cc0000/ffffff,$14.86,85,685
686,Volunteers,http://dummyimage.com/206x100.png/dddddd/000000,$12.41,44,686
687,Journey of Hope (Reise der Hoffnung),http://dummyimage.com/138x100.png/ff4444/ffffff,$20.76,14,687
688,Love Me Tender,http://dummyimage.com/201x100.png/dddddd/000000,$19.36,90,688
689,"Captain's Paradise, The",http://dummyimage.com/129x100.png/5fa2dd/ffffff,$18.76,91,689
690,Invasion of Astro-Monster (Godzilla vs. Monster Zero) (Kaijû daisensô),http://dummyimage.com/193x100.png/dddddd/000000,$13.00,83,690
691,Support Your Local Gunfighter,http://dummyimage.com/147x100.png/dddddd/000000,$43.97,89,691
692,White Irish Drinkers,http://dummyimage.com/116x100.png/dddddd/000000,$1.19,80,692
693,Godspeed You! Black Emperor,http://dummyimage.com/100x100.png/5fa2dd/ffffff,$30.39,37,693
694,Kicked in the Head,http://dummyimage.com/239x100.png/ff4444/ffffff,$39.19,38,694
695,Gun Fury,http://dummyimage.com/120x100.png/cc0000/ffffff,$9.37,48,695
696,Kopps,http://dummyimage.com/123x100.png/cc0000/ffffff,$26.82,33,696
697,Judgment at Nuremberg,http://dummyimage.com/246x100.png/5fa2dd/ffffff,$11.30,70,697
698,"City of Women, The (Città delle donne, La)",http://dummyimage.com/103x100.png/ff4444/ffffff,$21.33,40,698
699,Lifeboat,http://dummyimage.com/246x100.png/dddddd/000000,$24.21,55,699
700,Blue Is the Warmest Color (La vie d'Adèle),http://dummyimage.com/140x100.png/ff4444/ffffff,$8.08,00,700
701,Heartlands,http://dummyimage.com/154x100.png/dddddd/000000,$6.97,82,701
702,Spooky House,http://dummyimage.com/166x100.png/dddddd/000000,$35.05,52,702
703,Pretty Cool,http://dummyimage.com/238x100.png/dddddd/000000,$44.17,82,703
704,Romanzo Criminale,http://dummyimage.com/175x100.png/cc0000/ffffff,$31.50,00,704
705,Boy (Shônen),http://dummyimage.com/196x100.png/cc0000/ffffff,$36.50,07,705
706,The Arrival of Joachim Stiller,http://dummyimage.com/227x100.png/ff4444/ffffff,$13.26,60,706
707,Save the Tiger,http://dummyimage.com/203x100.png/cc0000/ffffff,$49.82,68,707
708,Bells of Innocence,http://dummyimage.com/173x100.png/dddddd/000000,$25.89,18,708
709,Ira and Abby,http://dummyimage.com/115x100.png/ff4444/ffffff,$42.07,17,709
710,Dear Wendy,http://dummyimage.com/234x100.png/ff4444/ffffff,$41.88,63,710
711,"Long Riders, The",http://dummyimage.com/109x100.png/5fa2dd/ffffff,$43.83,12,711
712,Marius and Jeanette (Marius et Jeannette),http://dummyimage.com/197x100.png/ff4444/ffffff,$2.93,02,712
713,Vassilisa the Beautiful (Vasilisa prekrasnaya),http://dummyimage.com/134x100.png/dddddd/000000,$48.01,84,713
714,Big Bad Wolves,http://dummyimage.com/238x100.png/5fa2dd/ffffff,$5.90,83,714
715,Marihuana,http://dummyimage.com/175x100.png/dddddd/000000,$2.57,84,715
716,Sweet Smell of Success,http://dummyimage.com/147x100.png/cc0000/ffffff,$9.23,97,716
717,To.get.her,http://dummyimage.com/115x100.png/ff4444/ffffff,$30.94,01,717
718,"World of Kanako, The (Kawaki.)",http://dummyimage.com/245x100.png/ff4444/ffffff,$41.25,68,718
719,Battle for the Planet of the Apes,http://dummyimage.com/149x100.png/cc0000/ffffff,$11.02,47,719
720,Equilibrium,http://dummyimage.com/237x100.png/5fa2dd/ffffff,$32.00,33,720
721,"Maria Full of Grace (Maria, Llena eres de gracia)",http://dummyimage.com/140x100.png/cc0000/ffffff,$23.74,37,721
722,Aliens of the Deep,http://dummyimage.com/141x100.png/dddddd/000000,$0.48,50,722
723,Behind the Sun (Abril Despedaçado),http://dummyimage.com/150x100.png/ff4444/ffffff,$43.78,21,723
724,Quatermass and the Pit,http://dummyimage.com/234x100.png/dddddd/000000,$27.30,42,724
725,Game of Death II (a.k.a. Tower of Death) (Si wang ta),http://dummyimage.com/146x100.png/dddddd/000000,$39.48,66,725
726,"Message to Garcia, A",http://dummyimage.com/238x100.png/dddddd/000000,$9.20,37,726
727,"Cross: The Arthur Blessitt Story, The",http://dummyimage.com/144x100.png/dddddd/000000,$48.77,35,727
728,Babylon XX,http://dummyimage.com/188x100.png/ff4444/ffffff,$45.64,50,728
729,Twisted,http://dummyimage.com/153x100.png/dddddd/000000,$21.29,63,729
730,Monday Night Mayhem,http://dummyimage.com/195x100.png/5fa2dd/ffffff,$40.81,93,730
731,Lisbela e o Prisioneiro (Lisbela and the Prisoner),http://dummyimage.com/210x100.png/dddddd/000000,$42.92,84,731
732,V/H/S: Viral,http://dummyimage.com/248x100.png/cc0000/ffffff,$27.24,93,732
733,Ex-Girlfriends,http://dummyimage.com/105x100.png/dddddd/000000,$33.17,85,733
734,The Great Northfield Minnesota Raid,http://dummyimage.com/184x100.png/dddddd/000000,$10.99,02,734
735,Urgh! A Music War,http://dummyimage.com/210x100.png/ff4444/ffffff,$24.22,51,735
736,Winter Light (Nattvardsgästerna),http://dummyimage.com/247x100.png/5fa2dd/ffffff,$10.00,25,736
737,A Night at the Movies: The Suspenseful World of Thrillers,http://dummyimage.com/243x100.png/cc0000/ffffff,$21.74,05,737
738,Dana Carvey: Squatting Monkeys Tell No Lies,http://dummyimage.com/122x100.png/dddddd/000000,$2.12,91,738
739,Trigun: Badlands Rumble,http://dummyimage.com/100x100.png/cc0000/ffffff,$3.33,09,739
740,OSS 117 - Lost in Rio (OSS 117: Rio ne répond plus),http://dummyimage.com/207x100.png/ff4444/ffffff,$27.05,27,740
741,Bad Company,http://dummyimage.com/234x100.png/dddddd/000000,$35.75,45,741
742,C.R.A.Z.Y.,http://dummyimage.com/187x100.png/cc0000/ffffff,$40.56,91,742
743,Islander,http://dummyimage.com/244x100.png/cc0000/ffffff,$0.64,71,743
744,Scary or Die,http://dummyimage.com/219x100.png/ff4444/ffffff,$23.87,85,744
745,Paranormal Activity 2,http://dummyimage.com/134x100.png/ff4444/ffffff,$28.13,73,745
746,Charlotte's Web 2: Wilbur's Great Adventure,http://dummyimage.com/113x100.png/dddddd/000000,$14.05,15,746
747,Return of the Fly,http://dummyimage.com/227x100.png/cc0000/ffffff,$42.40,39,747
748,Tears of the Black Tiger (Fah talai jone),http://dummyimage.com/115x100.png/5fa2dd/ffffff,$19.61,30,748
749,Brokeback Mountain,http://dummyimage.com/119x100.png/cc0000/ffffff,$9.63,57,749
750,Kull the Conqueror,http://dummyimage.com/192x100.png/dddddd/000000,$18.71,49,750
751,Bomber,http://dummyimage.com/232x100.png/ff4444/ffffff,$23.26,96,751
752,Mystery Street,http://dummyimage.com/119x100.png/cc0000/ffffff,$44.92,13,752
753,Shadows (Senki),http://dummyimage.com/247x100.png/ff4444/ffffff,$9.76,56,753
754,Fubar II (Fubar: Balls to the Wall),http://dummyimage.com/204x100.png/5fa2dd/ffffff,$3.62,73,754
755,Light Sleeper,http://dummyimage.com/219x100.png/ff4444/ffffff,$36.48,79,755
756,Which Way Home,http://dummyimage.com/202x100.png/dddddd/000000,$14.17,50,756
757,Last Hurrah for Chivalry (Hao xia),http://dummyimage.com/115x100.png/ff4444/ffffff,$17.05,04,757
758,Baggage Claim,http://dummyimage.com/166x100.png/cc0000/ffffff,$12.03,32,758
759,Vertigo,http://dummyimage.com/178x100.png/5fa2dd/ffffff,$42.78,05,759
760,Ladybug Ladybug ,http://dummyimage.com/116x100.png/5fa2dd/ffffff,$19.78,62,760
761,We Own the Night,http://dummyimage.com/144x100.png/dddddd/000000,$23.88,82,761
762,No Such Thing,http://dummyimage.com/135x100.png/dddddd/000000,$33.18,78,762
763,Oblivion,http://dummyimage.com/117x100.png/ff4444/ffffff,$25.42,13,763
764,Mercy,http://dummyimage.com/178x100.png/ff4444/ffffff,$49.43,43,764
765,Journeys with George,http://dummyimage.com/153x100.png/ff4444/ffffff,$39.39,78,765
766,Dying Young,http://dummyimage.com/100x100.png/ff4444/ffffff,$23.87,17,766
767,Case 39,http://dummyimage.com/166x100.png/ff4444/ffffff,$21.84,41,767
768,"Crusades, The",http://dummyimage.com/118x100.png/5fa2dd/ffffff,$23.84,72,768
769,Cutlet for Three (Ein Schnitzel für drei),http://dummyimage.com/126x100.png/5fa2dd/ffffff,$2.26,84,769
770,Musa the Warrior (Musa),http://dummyimage.com/169x100.png/5fa2dd/ffffff,$7.73,06,770
771,J.C. Chávez (a.k.a. Chavez),http://dummyimage.com/128x100.png/5fa2dd/ffffff,$43.67,54,771
772,To Die For,http://dummyimage.com/208x100.png/dddddd/000000,$49.20,25,772
773,Unrest,http://dummyimage.com/243x100.png/dddddd/000000,$6.51,91,773
774,Rude Boy,http://dummyimage.com/158x100.png/5fa2dd/ffffff,$23.10,93,774
775,Where the Heart Is,http://dummyimage.com/154x100.png/dddddd/000000,$45.34,19,775
776,Tales from the Crypt Presents: Bordello of Blood,http://dummyimage.com/214x100.png/dddddd/000000,$21.69,60,776
777,Survival Quest,http://dummyimage.com/178x100.png/cc0000/ffffff,$18.19,41,777
778,Returner (Ritaanaa),http://dummyimage.com/157x100.png/5fa2dd/ffffff,$18.87,92,778
779,Godzilla 2000 (Gojira ni-sen mireniamu),http://dummyimage.com/160x100.png/5fa2dd/ffffff,$11.52,16,779
780,Gold of Rome (L'oro di Roma),http://dummyimage.com/114x100.png/ff4444/ffffff,$27.51,60,780
781,"Wooden Bridge, The",http://dummyimage.com/225x100.png/dddddd/000000,$11.79,83,781
782,Nobody Will Speak of Us When We're Dead (Nadie hablará de nosotras cuando hayamos muerto),http://dummyimage.com/206x100.png/dddddd/000000,$17.42,56,782
783,Highway Racer,http://dummyimage.com/104x100.png/dddddd/000000,$5.29,65,783
784,Expired,http://dummyimage.com/155x100.png/cc0000/ffffff,$37.15,41,784
785,Northwest Passage,http://dummyimage.com/111x100.png/cc0000/ffffff,$26.72,49,785
786,The Beast of the City,http://dummyimage.com/145x100.png/dddddd/000000,$31.65,12,786
787,"Living Room of the Nation, The (Kansakunnan olohuone)",http://dummyimage.com/103x100.png/5fa2dd/ffffff,$31.59,44,787
788,"Goodbye, Columbus",http://dummyimage.com/191x100.png/dddddd/000000,$0.40,42,788
789,My Life in Pink (Ma vie en rose),http://dummyimage.com/113x100.png/5fa2dd/ffffff,$18.68,86,789
790,In the Valley of Elah,http://dummyimage.com/138x100.png/ff4444/ffffff,$26.78,83,790
791,"Fabulous Baker Boys, The",http://dummyimage.com/136x100.png/cc0000/ffffff,$17.04,69,791
792,Love Sick (Legaturi bolnavicioase),http://dummyimage.com/229x100.png/ff4444/ffffff,$49.37,08,792
793,Gore Vidal: The United States of Amnesia,http://dummyimage.com/179x100.png/ff4444/ffffff,$41.51,40,793
794,Hackers,http://dummyimage.com/180x100.png/ff4444/ffffff,$28.87,63,794
795,Bereavement,http://dummyimage.com/131x100.png/dddddd/000000,$32.27,84,795
796,Duplex,http://dummyimage.com/143x100.png/ff4444/ffffff,$46.77,32,796
797,Strange Voyage,http://dummyimage.com/208x100.png/dddddd/000000,$10.06,99,797
798,30 Beats,http://dummyimage.com/188x100.png/ff4444/ffffff,$13.95,90,798
799,"Name of the Rose, The (Name der Rose, Der)",http://dummyimage.com/115x100.png/5fa2dd/ffffff,$14.94,70,799
800,Adrift (À Deriva),http://dummyimage.com/137x100.png/cc0000/ffffff,$46.88,25,800
801,"Lost World, The",http://dummyimage.com/114x100.png/5fa2dd/ffffff,$24.05,18,801
802,Lay the Favorite,http://dummyimage.com/213x100.png/5fa2dd/ffffff,$2.23,96,802
803,Klute,http://dummyimage.com/198x100.png/dddddd/000000,$30.06,88,803
804,"Lost World, The",http://dummyimage.com/118x100.png/cc0000/ffffff,$46.76,92,804
805,National Treasure: Book of Secrets,http://dummyimage.com/110x100.png/dddddd/000000,$15.34,65,805
806,W.R.: Mysteries of the Organism,http://dummyimage.com/202x100.png/cc0000/ffffff,$29.88,60,806
807,Gridlock'd,http://dummyimage.com/163x100.png/dddddd/000000,$44.00,35,807
808,Dragon Hunter,http://dummyimage.com/127x100.png/ff4444/ffffff,$16.97,30,808
809,We Are from the Future (My iz budushchego),http://dummyimage.com/232x100.png/dddddd/000000,$15.32,62,809
810,Election Day,http://dummyimage.com/228x100.png/5fa2dd/ffffff,$4.01,53,810
811,"Family Friend, The (L'amico di famiglia)",http://dummyimage.com/211x100.png/dddddd/000000,$1.46,35,811
812,Butterfly (La lengua de las mariposas),http://dummyimage.com/192x100.png/cc0000/ffffff,$6.96,92,812
813,Apache,http://dummyimage.com/115x100.png/cc0000/ffffff,$15.85,24,813
814,Love in the Afternoon (Chloe in the Afternoon)  (L'amour l'après-midi),http://dummyimage.com/114x100.png/ff4444/ffffff,$48.30,14,814
815,Summer in Berlin (Sommer vorm Balkon),http://dummyimage.com/223x100.png/ff4444/ffffff,$0.95,01,815
816,"Maria, ihm schmeckt's nicht! (Maria, He Doesn't Like It)",http://dummyimage.com/185x100.png/5fa2dd/ffffff,$19.35,77,816
817,"African Queen, The",http://dummyimage.com/107x100.png/dddddd/000000,$45.85,60,817
818,"Book of Fate, The (Kohtalon kirja)",http://dummyimage.com/186x100.png/cc0000/ffffff,$19.81,64,818
819,"Effect of Gamma Rays on Man-in-the-Moon Marigolds, The",http://dummyimage.com/122x100.png/cc0000/ffffff,$43.78,59,819
820,Stephen Tobolowsky's Birthday Party,http://dummyimage.com/214x100.png/5fa2dd/ffffff,$6.38,95,820
821,Heart of America,http://dummyimage.com/201x100.png/5fa2dd/ffffff,$3.47,79,821
822,Two Much,http://dummyimage.com/206x100.png/dddddd/000000,$32.25,62,822
823,"Hidden Blade, The (Kakushi ken oni no tsume)",http://dummyimage.com/125x100.png/dddddd/000000,$11.83,63,823
824,Alive,http://dummyimage.com/246x100.png/dddddd/000000,$42.53,27,824
825,Millennium Mambo (Qian xi man po),http://dummyimage.com/150x100.png/ff4444/ffffff,$36.85,23,825
826,Wings in the Dark,http://dummyimage.com/197x100.png/dddddd/000000,$36.88,28,826
827,Suspect X (Yôgisha X no kenshin),http://dummyimage.com/207x100.png/dddddd/000000,$28.15,82,827
828,Invictus,http://dummyimage.com/117x100.png/cc0000/ffffff,$24.16,66,828
829,Golden Boy,http://dummyimage.com/142x100.png/ff4444/ffffff,$39.20,39,829
830,"Wind, The",http://dummyimage.com/115x100.png/cc0000/ffffff,$10.11,93,830
831,"Trouble with Angels, The",http://dummyimage.com/141x100.png/ff4444/ffffff,$17.54,87,831
832,Whip It,http://dummyimage.com/118x100.png/5fa2dd/ffffff,$13.12,42,832
833,"Three Burials of Melquiades Estrada, The",http://dummyimage.com/201x100.png/5fa2dd/ffffff,$49.57,49,833
834,Ip Man 2,http://dummyimage.com/207x100.png/cc0000/ffffff,$24.94,69,834
835,Terror on a Train (Time Bomb),http://dummyimage.com/195x100.png/5fa2dd/ffffff,$8.71,28,835
836,"Well Spent Life, A",http://dummyimage.com/195x100.png/cc0000/ffffff,$15.98,79,836
837,Bajo la Sal (Under the Salt),http://dummyimage.com/213x100.png/dddddd/000000,$23.84,91,837
838,Glorious Technicolor,http://dummyimage.com/202x100.png/5fa2dd/ffffff,$39.44,57,838
839,Forget Me Not,http://dummyimage.com/232x100.png/5fa2dd/ffffff,$3.13,13,839
840,New World (Shin-sae-gye),http://dummyimage.com/195x100.png/cc0000/ffffff,$17.32,51,840
841,Boyhood,http://dummyimage.com/123x100.png/cc0000/ffffff,$7.48,41,841
842,Echoes of the Rainbow (Sui yuet san tau),http://dummyimage.com/105x100.png/ff4444/ffffff,$27.42,62,842
843,"Border Run (Mule, The)",http://dummyimage.com/181x100.png/ff4444/ffffff,$45.74,95,843
844,The Feminine Touch,http://dummyimage.com/164x100.png/ff4444/ffffff,$41.79,83,844
845,Fresh Bait (L'appât) ,http://dummyimage.com/223x100.png/dddddd/000000,$46.28,03,845
846,Birdemic: Shock and Terror,http://dummyimage.com/236x100.png/5fa2dd/ffffff,$5.68,37,846
847,Diving In,http://dummyimage.com/211x100.png/5fa2dd/ffffff,$30.48,25,847
848,Good Hair,http://dummyimage.com/196x100.png/dddddd/000000,$7.17,34,848
849,Cabaret Balkan (Bure Baruta),http://dummyimage.com/237x100.png/cc0000/ffffff,$11.39,00,849
850,Bonnie and Clyde,http://dummyimage.com/103x100.png/ff4444/ffffff,$41.69,46,850
851,First Daughter,http://dummyimage.com/147x100.png/5fa2dd/ffffff,$1.13,94,851
852,At First Sight (Entre Nous) (Coup de foudre),http://dummyimage.com/243x100.png/dddddd/000000,$20.93,75,852
853,Shock Waves,http://dummyimage.com/171x100.png/ff4444/ffffff,$48.71,44,853
854,Track 29,http://dummyimage.com/196x100.png/5fa2dd/ffffff,$7.76,13,854
855,Blackout,http://dummyimage.com/178x100.png/cc0000/ffffff,$1.70,76,855
856,"Suspect, The (Yong-eui-ja)",http://dummyimage.com/228x100.png/ff4444/ffffff,$22.51,24,856
857,The Boss,http://dummyimage.com/221x100.png/ff4444/ffffff,$20.77,40,857
858,Tamara,http://dummyimage.com/178x100.png/5fa2dd/ffffff,$21.60,26,858
859,Gold Raiders,http://dummyimage.com/143x100.png/cc0000/ffffff,$23.45,79,859
860,Room Service,http://dummyimage.com/223x100.png/5fa2dd/ffffff,$28.00,95,860
861,Kill Your Darlings,http://dummyimage.com/215x100.png/dddddd/000000,$5.67,68,861
862,"Last Sunset, The",http://dummyimage.com/167x100.png/5fa2dd/ffffff,$32.69,75,862
863,Dogs,http://dummyimage.com/114x100.png/ff4444/ffffff,$24.93,17,863
864,Al Capone,http://dummyimage.com/240x100.png/dddddd/000000,$32.90,49,864
865,"Personals, The (Zheng hun qi shi)",http://dummyimage.com/181x100.png/ff4444/ffffff,$2.19,24,865
866,Heart Condition,http://dummyimage.com/239x100.png/cc0000/ffffff,$20.82,02,866
867,"Boondock Saints II: All Saints Day, The",http://dummyimage.com/164x100.png/ff4444/ffffff,$18.58,78,867
868,Secrets of the Tribe,http://dummyimage.com/221x100.png/5fa2dd/ffffff,$19.08,40,868
869,"Hired Hand, The",http://dummyimage.com/157x100.png/cc0000/ffffff,$40.41,34,869
870,Uranus,http://dummyimage.com/124x100.png/dddddd/000000,$15.49,98,870
871,Ghostbusters (a.k.a. Ghost Busters),http://dummyimage.com/172x100.png/cc0000/ffffff,$14.14,27,871
872,Miss Minoes,http://dummyimage.com/237x100.png/cc0000/ffffff,$12.37,07,872
873,The Aggression Scale,http://dummyimage.com/141x100.png/5fa2dd/ffffff,$23.88,58,873
874,Texasville,http://dummyimage.com/212x100.png/cc0000/ffffff,$47.69,78,874
875,"Rendez-vous d'Anna, Les (Meetings of Anna, The)",http://dummyimage.com/241x100.png/5fa2dd/ffffff,$8.55,20,875
876,Cutie and the Boxer,http://dummyimage.com/174x100.png/5fa2dd/ffffff,$40.26,25,876
877,Norma Jean & Marilyn,http://dummyimage.com/222x100.png/ff4444/ffffff,$18.95,88,877
878,I Want You,http://dummyimage.com/142x100.png/dddddd/000000,$43.79,77,878
879,"World According to Sesame Street, The",http://dummyimage.com/178x100.png/dddddd/000000,$5.27,62,879
880,"Main Event, The",http://dummyimage.com/194x100.png/5fa2dd/ffffff,$24.47,59,880
881,I'm Reed Fish,http://dummyimage.com/162x100.png/cc0000/ffffff,$49.43,00,881
882,"Innocents, The",http://dummyimage.com/125x100.png/cc0000/ffffff,$7.80,70,882
883,"Sniper, The",http://dummyimage.com/227x100.png/dddddd/000000,$17.16,44,883
884,All the President's Men,http://dummyimage.com/159x100.png/ff4444/ffffff,$32.16,24,884
885,Whisper,http://dummyimage.com/112x100.png/dddddd/000000,$30.47,89,885
886,Shakespeare-Wallah,http://dummyimage.com/176x100.png/dddddd/000000,$46.16,41,886
887,Abominable,http://dummyimage.com/240x100.png/cc0000/ffffff,$22.58,51,887
888,In Your Dreams (Dans tes rêves),http://dummyimage.com/169x100.png/cc0000/ffffff,$14.39,74,888
889,Bowfinger,http://dummyimage.com/241x100.png/dddddd/000000,$15.93,44,889
890,It's Always Fair Weather,http://dummyimage.com/108x100.png/dddddd/000000,$19.80,86,890
891,"Flesh Merchant, The (Wild and Wicked, The)",http://dummyimage.com/211x100.png/ff4444/ffffff,$43.59,37,891
892,Red-Headed Woman,http://dummyimage.com/110x100.png/ff4444/ffffff,$7.75,72,892
893,Tiptoes,http://dummyimage.com/107x100.png/ff4444/ffffff,$36.51,09,893
894,Isolation,http://dummyimage.com/187x100.png/ff4444/ffffff,$47.70,33,894
895,Kagerô-za,http://dummyimage.com/155x100.png/ff4444/ffffff,$6.31,46,895
896,"Juche Idea, The",http://dummyimage.com/224x100.png/5fa2dd/ffffff,$37.93,24,896
897,Vampires,http://dummyimage.com/181x100.png/5fa2dd/ffffff,$17.84,00,897
898,24 7: Twenty Four Seven,http://dummyimage.com/172x100.png/5fa2dd/ffffff,$19.65,74,898
899,We're Not Dressing,http://dummyimage.com/161x100.png/cc0000/ffffff,$2.71,31,899
900,Being Flynn,http://dummyimage.com/127x100.png/dddddd/000000,$17.04,23,900
901,Cast a Dark Shadow (Angel),http://dummyimage.com/133x100.png/dddddd/000000,$4.20,57,901
902,"White Sheik, The (Sceicco bianco, Lo)",http://dummyimage.com/185x100.png/5fa2dd/ffffff,$33.29,83,902
903,"Milwaukee, Minnesota",http://dummyimage.com/102x100.png/5fa2dd/ffffff,$12.95,31,903
904,W.,http://dummyimage.com/135x100.png/cc0000/ffffff,$43.63,11,904
905,iSteve,http://dummyimage.com/123x100.png/ff4444/ffffff,$6.10,15,905
906,The Hunting Ground,http://dummyimage.com/193x100.png/cc0000/ffffff,$0.72,95,906
907,Cosmic Journey,http://dummyimage.com/228x100.png/ff4444/ffffff,$10.71,36,907
908,Double Wedding,http://dummyimage.com/109x100.png/dddddd/000000,$35.02,35,908
909,Journey Into Fear,http://dummyimage.com/138x100.png/ff4444/ffffff,$16.40,62,909
910,Savannah,http://dummyimage.com/212x100.png/dddddd/000000,$48.95,00,910
911,Summer of Sam,http://dummyimage.com/135x100.png/dddddd/000000,$12.53,51,911
912,Partners: The Movie II (Aibô: Gekijô-ban II),http://dummyimage.com/163x100.png/ff4444/ffffff,$28.66,32,912
913,Beau Pere (a.k.a. Stepfather) (Beau-père),http://dummyimage.com/155x100.png/ff4444/ffffff,$43.41,41,913
914,Paris Was a Woman,http://dummyimage.com/147x100.png/5fa2dd/ffffff,$25.75,45,914
915,"Narrow Margin, The",http://dummyimage.com/151x100.png/cc0000/ffffff,$48.75,33,915
916,Ryan's Daughter,http://dummyimage.com/189x100.png/cc0000/ffffff,$1.90,58,916
917,Bread and Chocolate (Pane e cioccolata),http://dummyimage.com/143x100.png/cc0000/ffffff,$32.51,50,917
918,Special Mission Lady Chaplin,http://dummyimage.com/146x100.png/5fa2dd/ffffff,$44.38,27,918
919,Shakespeare-Wallah,http://dummyimage.com/247x100.png/cc0000/ffffff,$2.27,49,919
920,Death Proof,http://dummyimage.com/103x100.png/5fa2dd/ffffff,$49.14,96,920
921,Swept Away,http://dummyimage.com/191x100.png/dddddd/000000,$40.69,57,921
922,Corpse Bride,http://dummyimage.com/215x100.png/dddddd/000000,$1.97,10,922
923,Daens,http://dummyimage.com/181x100.png/cc0000/ffffff,$8.86,34,923
924,"Education of Mohammad Hussein, The",http://dummyimage.com/229x100.png/cc0000/ffffff,$5.09,91,924
925,Tokyo Drifter (Tôkyô nagaremono),http://dummyimage.com/216x100.png/5fa2dd/ffffff,$26.59,93,925
926,At Play in the Fields of the Lord,http://dummyimage.com/235x100.png/5fa2dd/ffffff,$34.40,51,926
927,American: The Bill Hicks Story,http://dummyimage.com/195x100.png/ff4444/ffffff,$6.23,45,927
928,Ravenous,http://dummyimage.com/202x100.png/cc0000/ffffff,$41.02,60,928
929,Nuremberg,http://dummyimage.com/127x100.png/cc0000/ffffff,$7.50,37,929
930,My Summer of Love,http://dummyimage.com/176x100.png/ff4444/ffffff,$41.63,53,930
931,Attack of the Crab Monsters,http://dummyimage.com/176x100.png/cc0000/ffffff,$18.20,56,931
932,"Harvest Month, The (Elokuu)",http://dummyimage.com/244x100.png/5fa2dd/ffffff,$25.23,71,932
933,Abraham Lincoln: Vampire Hunter,http://dummyimage.com/216x100.png/cc0000/ffffff,$4.49,55,933
934,One Sunday Afternoon,http://dummyimage.com/119x100.png/cc0000/ffffff,$14.10,00,934
935,"Henry: Portrait of a Serial Killer, Part 2",http://dummyimage.com/220x100.png/ff4444/ffffff,$42.22,37,935
936,Shadows in Paradise (Varjoja paratiisissa),http://dummyimage.com/223x100.png/dddddd/000000,$40.12,01,936
937,Songs My Brothers Taught Me,http://dummyimage.com/146x100.png/5fa2dd/ffffff,$15.19,03,937
938,"Man Who Left His Will on Film, The (Tôkyô sensô sengo hiwa)",http://dummyimage.com/233x100.png/cc0000/ffffff,$12.41,61,938
939,Star Wars: Episode I - The Phantom Menace,http://dummyimage.com/233x100.png/dddddd/000000,$36.94,68,939
940,Club Sandwich,http://dummyimage.com/160x100.png/ff4444/ffffff,$39.63,67,940
941,Margaret Thatcher: The Long Walk to Finchley,http://dummyimage.com/248x100.png/cc0000/ffffff,$48.25,14,941
942,"Man from Elysian Fields, The",http://dummyimage.com/200x100.png/cc0000/ffffff,$3.02,81,942
943,King of Jazz,http://dummyimage.com/126x100.png/5fa2dd/ffffff,$23.17,16,943
944,Pete Seeger: The Power of Song,http://dummyimage.com/109x100.png/ff4444/ffffff,$45.50,71,944
945,Beats Rhymes & Life: The Travels of a Tribe Called Quest,http://dummyimage.com/180x100.png/cc0000/ffffff,$35.13,78,945
946,Austin High,http://dummyimage.com/222x100.png/dddddd/000000,$10.01,18,946
947,Tess,http://dummyimage.com/113x100.png/cc0000/ffffff,$7.46,91,947
948,CQ,http://dummyimage.com/240x100.png/dddddd/000000,$14.79,09,948
949,Last Stand At Saber River,http://dummyimage.com/199x100.png/dddddd/000000,$49.87,07,949
950,Ten North Frederick,http://dummyimage.com/182x100.png/dddddd/000000,$25.63,18,950
951,Salaam Cinema,http://dummyimage.com/114x100.png/5fa2dd/ffffff,$48.96,56,951
952,Love Is the Devil,http://dummyimage.com/200x100.png/dddddd/000000,$39.36,30,952
953,Shy People,http://dummyimage.com/142x100.png/5fa2dd/ffffff,$11.04,02,953
954,"Wild Party, The",http://dummyimage.com/208x100.png/ff4444/ffffff,$37.09,56,954
955,Nas: Time Is Illmatic,http://dummyimage.com/189x100.png/dddddd/000000,$32.17,40,955
956,Downeast,http://dummyimage.com/246x100.png/cc0000/ffffff,$44.33,53,956
957,Scandal,http://dummyimage.com/109x100.png/cc0000/ffffff,$28.30,98,957
958,Madame Satã,http://dummyimage.com/175x100.png/cc0000/ffffff,$9.21,71,958
959,Hank and Mike,http://dummyimage.com/145x100.png/ff4444/ffffff,$7.95,45,959
960,Sinister,http://dummyimage.com/125x100.png/5fa2dd/ffffff,$14.58,68,960
961,"River, The (He liu)",http://dummyimage.com/104x100.png/ff4444/ffffff,$3.04,27,961
962,The Hound of the Baskervilles,http://dummyimage.com/227x100.png/ff4444/ffffff,$13.70,80,962
963,Father Hood,http://dummyimage.com/110x100.png/ff4444/ffffff,$8.71,91,963
964,That's Life,http://dummyimage.com/109x100.png/dddddd/000000,$13.04,97,964
965,Fear of a Black Hat,http://dummyimage.com/130x100.png/ff4444/ffffff,$27.49,87,965
966,"Last Song, The",http://dummyimage.com/248x100.png/ff4444/ffffff,$13.99,61,966
967,Search and Destroy,http://dummyimage.com/140x100.png/dddddd/000000,$6.29,45,967
968,Deadly Voyage,http://dummyimage.com/224x100.png/5fa2dd/ffffff,$32.11,78,968
969,Outcast of the Islands,http://dummyimage.com/245x100.png/cc0000/ffffff,$32.97,67,969
970,Aliisa,http://dummyimage.com/109x100.png/dddddd/000000,$4.46,17,970
971,Starstruck,http://dummyimage.com/102x100.png/5fa2dd/ffffff,$44.96,08,971
972,i hate myself :),http://dummyimage.com/201x100.png/dddddd/000000,$22.16,18,972
973,"Brony Tale, A",http://dummyimage.com/120x100.png/dddddd/000000,$23.66,80,973
974,Time Limit,http://dummyimage.com/237x100.png/cc0000/ffffff,$16.50,16,974
975,"Cabin in the Woods, The",http://dummyimage.com/137x100.png/cc0000/ffffff,$26.10,41,975
976,In Cold Blood,http://dummyimage.com/223x100.png/ff4444/ffffff,$18.23,51,976
977,Lourdes,http://dummyimage.com/242x100.png/ff4444/ffffff,$23.34,37,977
978,Queen of the Mountains,http://dummyimage.com/201x100.png/5fa2dd/ffffff,$2.70,88,978
979,Happy Feet,http://dummyimage.com/222x100.png/ff4444/ffffff,$41.82,03,979
980,Keep Your Distance,http://dummyimage.com/115x100.png/ff4444/ffffff,$22.05,28,980
981,Life 2.0,http://dummyimage.com/170x100.png/5fa2dd/ffffff,$30.16,86,981
982,Men Don't Leave,http://dummyimage.com/213x100.png/dddddd/000000,$24.01,81,982
983,Rigoletto,http://dummyimage.com/188x100.png/cc0000/ffffff,$27.07,22,983
984,Trouble Every Day,http://dummyimage.com/143x100.png/cc0000/ffffff,$28.20,36,984
985,Morocco,http://dummyimage.com/117x100.png/ff4444/ffffff,$10.52,22,985
986,And Nobody Weeps for Me (Und keiner weint mir nach),http://dummyimage.com/113x100.png/dddddd/000000,$29.43,16,986
987,Best of the Best 3: No Turning Back,http://dummyimage.com/130x100.png/5fa2dd/ffffff,$6.80,63,987
988,Saint Joan,http://dummyimage.com/158x100.png/ff4444/ffffff,$8.26,79,988
989,My Fellow Americans,http://dummyimage.com/119x100.png/ff4444/ffffff,$46.32,45,989
990,No,http://dummyimage.com/246x100.png/ff4444/ffffff,$21.70,85,990
991,Around the World in 80 Days,http://dummyimage.com/137x100.png/dddddd/000000,$22.16,07,991
992,"Wolfman, The",http://dummyimage.com/117x100.png/ff4444/ffffff,$27.79,48,992
993,Cry of the Banshee,http://dummyimage.com/173x100.png/ff4444/ffffff,$19.33,22,993
994,"Money Pit, The",http://dummyimage.com/182x100.png/dddddd/000000,$5.21,13,994
995,Christmas Holiday,http://dummyimage.com/241x100.png/5fa2dd/ffffff,$44.98,67,995
996,"Tale of Winter, A (a.k.a. A Winter's Tale) (Conte d'hiver)",http://dummyimage.com/140x100.png/ff4444/ffffff,$39.96,18,996
997,My House in Umbria,http://dummyimage.com/231x100.png/ff4444/ffffff,$3.24,44,997
998,Puppetry of the Penis: Live at the Forum (Puppetry of the Penis: The Ancient Art of Genital Origami),http://dummyimage.com/100x100.png/dddddd/000000,$29.68,48,998
999,Sabretooth,http://dummyimage.com/219x100.png/dddddd/000000,$22.97,22,999
1000,Valkyrie,http://dummyimage.com/168x100.png/dddddd/000000,$1.72,77,1000
